,timestamp,production
127776,2022-11-01 00:00:00,
127777,2022-11-01 00:15:00,
127778,2022-11-01 00:30:00,
127779,2022-11-01 00:45:00,
127780,2022-11-01 01:00:00,
127781,2022-11-01 01:15:00,
127782,2022-11-01 01:30:00,
127783,2022-11-01 01:45:00,
127784,2022-11-01 02:00:00,
127785,2022-11-01 02:15:00,
127786,2022-11-01 02:30:00,
127787,2022-11-01 02:45:00,
127788,2022-11-01 03:00:00,
127789,2022-11-01 03:15:00,
127790,2022-11-01 03:30:00,
127791,2022-11-01 03:45:00,
127792,2022-11-01 04:00:00,
127793,2022-11-01 04:15:00,
127794,2022-11-01 04:30:00,
127795,2022-11-01 04:45:00,
127796,2022-11-01 05:00:00,
127797,2022-11-01 05:15:00,0.0
127798,2022-11-01 05:30:00,
127799,2022-11-01 05:45:00,
127800,2022-11-01 06:00:00,
127801,2022-11-01 06:15:00,
127802,2022-11-01 06:30:00,
127803,2022-11-01 06:45:00,
127804,2022-11-01 07:00:00,0.0
127805,2022-11-01 07:15:00,0.0
127806,2022-11-01 07:30:00,0.0
127807,2022-11-01 07:45:00,0.001
127808,2022-11-01 08:00:00,0.018
127809,2022-11-01 08:15:00,0.028
127810,2022-11-01 08:30:00,0.106
127811,2022-11-01 08:45:00,0.142
127812,2022-11-01 09:00:00,0.178
127813,2022-11-01 09:15:00,0.181
127814,2022-11-01 09:30:00,0.204
127815,2022-11-01 09:45:00,0.245
127816,2022-11-01 10:00:00,0.196
127817,2022-11-01 10:15:00,0.217
127818,2022-11-01 10:30:00,0.301
127819,2022-11-01 10:45:00,0.252
127820,2022-11-01 11:00:00,0.298
127821,2022-11-01 11:15:00,0.378
127822,2022-11-01 11:30:00,0.479
127823,2022-11-01 11:45:00,0.6
127824,2022-11-01 12:00:00,0.462
127825,2022-11-01 12:15:00,0.426
127826,2022-11-01 12:30:00,0.409
127827,2022-11-01 12:45:00,0.312
127828,2022-11-01 13:00:00,0.438
127829,2022-11-01 13:15:00,0.511
127830,2022-11-01 13:30:00,0.415
127831,2022-11-01 13:45:00,0.383
127832,2022-11-01 14:00:00,0.612
127833,2022-11-01 14:15:00,1.136
127834,2022-11-01 14:30:00,0.684
127835,2022-11-01 14:45:00,0.97
127836,2022-11-01 15:00:00,0.912
127837,2022-11-01 15:15:00,0.796
127838,2022-11-01 15:30:00,0.126
127839,2022-11-01 15:45:00,0.116
127840,2022-11-01 16:00:00,0.083
127841,2022-11-01 16:15:00,0.041
127842,2022-11-01 16:30:00,0.01
127843,2022-11-01 16:45:00,0.005
127844,2022-11-01 17:00:00,0.0
127845,2022-11-01 17:15:00,0.0
127846,2022-11-01 17:30:00,
127847,2022-11-01 17:45:00,
127848,2022-11-01 18:00:00,
127849,2022-11-01 18:15:00,
127850,2022-11-01 18:30:00,
127851,2022-11-01 18:45:00,
127852,2022-11-01 19:00:00,0.0
127853,2022-11-01 19:15:00,
127854,2022-11-01 19:30:00,
127855,2022-11-01 19:45:00,
127856,2022-11-01 20:00:00,
127857,2022-11-01 20:15:00,
127858,2022-11-01 20:30:00,
127859,2022-11-01 20:45:00,
127860,2022-11-01 21:00:00,
127861,2022-11-01 21:15:00,
127862,2022-11-01 21:30:00,
127863,2022-11-01 21:45:00,
127864,2022-11-01 22:00:00,
127865,2022-11-01 22:15:00,
127866,2022-11-01 22:30:00,
127867,2022-11-01 22:45:00,
127868,2022-11-01 23:00:00,
127869,2022-11-01 23:15:00,
127870,2022-11-01 23:30:00,
127871,2022-11-01 23:45:00,
127872,2022-11-02 00:00:00,
127873,2022-11-02 00:15:00,
127874,2022-11-02 00:30:00,
127875,2022-11-02 00:45:00,
127876,2022-11-02 01:00:00,
127877,2022-11-02 01:15:00,
127878,2022-11-02 01:30:00,
127879,2022-11-02 01:45:00,
127880,2022-11-02 02:00:00,
127881,2022-11-02 02:15:00,
127882,2022-11-02 02:30:00,
127883,2022-11-02 02:45:00,
127884,2022-11-02 03:00:00,
127885,2022-11-02 03:15:00,
127886,2022-11-02 03:30:00,
127887,2022-11-02 03:45:00,
127888,2022-11-02 04:00:00,
127889,2022-11-02 04:15:00,
127890,2022-11-02 04:30:00,
127891,2022-11-02 04:45:00,
127892,2022-11-02 05:00:00,0.0
127893,2022-11-02 05:15:00,
127894,2022-11-02 05:30:00,
127895,2022-11-02 05:45:00,
127896,2022-11-02 06:00:00,
127897,2022-11-02 06:15:00,
127898,2022-11-02 06:30:00,
127899,2022-11-02 06:45:00,
127900,2022-11-02 07:00:00,0.0
127901,2022-11-02 07:15:00,0.0
127902,2022-11-02 07:30:00,0.006
127903,2022-11-02 07:45:00,0.019
127904,2022-11-02 08:00:00,0.036
127905,2022-11-02 08:15:00,0.023
127906,2022-11-02 08:30:00,0.047
127907,2022-11-02 08:45:00,0.109
127908,2022-11-02 09:00:00,0.162
127909,2022-11-02 09:15:00,0.074
127910,2022-11-02 09:30:00,0.101
127911,2022-11-02 09:45:00,0.164
127912,2022-11-02 10:00:00,0.344
127913,2022-11-02 10:15:00,0.32
127914,2022-11-02 10:30:00,0.384
127915,2022-11-02 10:45:00,0.383
127916,2022-11-02 11:00:00,0.494
127917,2022-11-02 11:15:00,0.368
127918,2022-11-02 11:30:00,0.351
127919,2022-11-02 11:45:00,0.32
127920,2022-11-02 12:00:00,0.381
127921,2022-11-02 12:15:00,0.396
127922,2022-11-02 12:30:00,0.379
127923,2022-11-02 12:45:00,0.439
127924,2022-11-02 13:00:00,0.502
127925,2022-11-02 13:15:00,0.504
127926,2022-11-02 13:30:00,0.524
127927,2022-11-02 13:45:00,0.48
127928,2022-11-02 14:00:00,0.798
127929,2022-11-02 14:15:00,0.814
127930,2022-11-02 14:30:00,1.051
127931,2022-11-02 14:45:00,0.534
127932,2022-11-02 15:00:00,0.539
127933,2022-11-02 15:15:00,0.514
127934,2022-11-02 15:30:00,0.455
127935,2022-11-02 15:45:00,0.271
127936,2022-11-02 16:00:00,0.253
127937,2022-11-02 16:15:00,0.118
127938,2022-11-02 16:30:00,0.035
127939,2022-11-02 16:45:00,0.007
127940,2022-11-02 17:00:00,0.001
127941,2022-11-02 17:15:00,0.0
127942,2022-11-02 17:30:00,
127943,2022-11-02 17:45:00,
127944,2022-11-02 18:00:00,
127945,2022-11-02 18:15:00,
127946,2022-11-02 18:30:00,
127947,2022-11-02 18:45:00,
127948,2022-11-02 19:00:00,
127949,2022-11-02 19:15:00,0.0
127950,2022-11-02 19:30:00,
127951,2022-11-02 19:45:00,
127952,2022-11-02 20:00:00,
127953,2022-11-02 20:15:00,
127954,2022-11-02 20:30:00,
127955,2022-11-02 20:45:00,
127956,2022-11-02 21:00:00,
127957,2022-11-02 21:15:00,
127958,2022-11-02 21:30:00,
127959,2022-11-02 21:45:00,
127960,2022-11-02 22:00:00,
127961,2022-11-02 22:15:00,
127962,2022-11-02 22:30:00,
127963,2022-11-02 22:45:00,
127964,2022-11-02 23:00:00,
127965,2022-11-02 23:15:00,
127966,2022-11-02 23:30:00,
127967,2022-11-02 23:45:00,
127968,2022-11-03 00:00:00,
127969,2022-11-03 00:15:00,
127970,2022-11-03 00:30:00,
127971,2022-11-03 00:45:00,
127972,2022-11-03 01:00:00,
127973,2022-11-03 01:15:00,
127974,2022-11-03 01:30:00,
127975,2022-11-03 01:45:00,
127976,2022-11-03 02:00:00,
127977,2022-11-03 02:15:00,
127978,2022-11-03 02:30:00,
127979,2022-11-03 02:45:00,
127980,2022-11-03 03:00:00,
127981,2022-11-03 03:15:00,
127982,2022-11-03 03:30:00,
127983,2022-11-03 03:45:00,
127984,2022-11-03 04:00:00,
127985,2022-11-03 04:15:00,
127986,2022-11-03 04:30:00,
127987,2022-11-03 04:45:00,
127988,2022-11-03 05:00:00,
127989,2022-11-03 05:15:00,0.0
127990,2022-11-03 05:30:00,
127991,2022-11-03 05:45:00,
127992,2022-11-03 06:00:00,
127993,2022-11-03 06:15:00,
127994,2022-11-03 06:30:00,
127995,2022-11-03 06:45:00,
127996,2022-11-03 07:00:00,0.0
127997,2022-11-03 07:15:00,0.003
127998,2022-11-03 07:30:00,0.024
127999,2022-11-03 07:45:00,0.074
128000,2022-11-03 08:00:00,0.093
128001,2022-11-03 08:15:00,0.181
128002,2022-11-03 08:30:00,0.324
128003,2022-11-03 08:45:00,0.458
128004,2022-11-03 09:00:00,0.408
128005,2022-11-03 09:15:00,0.424
128006,2022-11-03 09:30:00,0.488
128007,2022-11-03 09:45:00,0.59
128008,2022-11-03 10:00:00,0.508
128009,2022-11-03 10:15:00,0.587
128010,2022-11-03 10:30:00,0.849
128011,2022-11-03 10:45:00,0.689
128012,2022-11-03 11:00:00,0.763
128013,2022-11-03 11:15:00,1.005
128014,2022-11-03 11:30:00,0.948
128015,2022-11-03 11:45:00,1.13
128016,2022-11-03 12:00:00,0.894
128017,2022-11-03 12:15:00,0.744
128018,2022-11-03 12:30:00,0.784
128019,2022-11-03 12:45:00,0.804
128020,2022-11-03 13:00:00,0.546
128021,2022-11-03 13:15:00,0.402
128022,2022-11-03 13:30:00,0.368
128023,2022-11-03 13:45:00,0.292
128024,2022-11-03 14:00:00,0.21
128025,2022-11-03 14:15:00,0.187
128026,2022-11-03 14:30:00,0.155
128027,2022-11-03 14:45:00,0.144
128028,2022-11-03 15:00:00,0.125
128029,2022-11-03 15:15:00,0.108
128030,2022-11-03 15:30:00,0.084
128031,2022-11-03 15:45:00,0.068
128032,2022-11-03 16:00:00,0.057
128033,2022-11-03 16:15:00,0.028
128034,2022-11-03 16:30:00,0.003
128035,2022-11-03 16:45:00,0.0
128036,2022-11-03 17:00:00,0.0
128037,2022-11-03 17:15:00,
128038,2022-11-03 17:30:00,
128039,2022-11-03 17:45:00,
128040,2022-11-03 18:00:00,
128041,2022-11-03 18:15:00,
128042,2022-11-03 18:30:00,
128043,2022-11-03 18:45:00,
128044,2022-11-03 19:00:00,0.0
128045,2022-11-03 19:15:00,
128046,2022-11-03 19:30:00,
128047,2022-11-03 19:45:00,
128048,2022-11-03 20:00:00,
128049,2022-11-03 20:15:00,
128050,2022-11-03 20:30:00,
128051,2022-11-03 20:45:00,
128052,2022-11-03 21:00:00,
128053,2022-11-03 21:15:00,
128054,2022-11-03 21:30:00,
128055,2022-11-03 21:45:00,
128056,2022-11-03 22:00:00,
128057,2022-11-03 22:15:00,
128058,2022-11-03 22:30:00,
128059,2022-11-03 22:45:00,
128060,2022-11-03 23:00:00,
128061,2022-11-03 23:15:00,
128062,2022-11-03 23:30:00,
128063,2022-11-03 23:45:00,
128064,2022-11-04 00:00:00,
128065,2022-11-04 00:15:00,
128066,2022-11-04 00:30:00,
128067,2022-11-04 00:45:00,
128068,2022-11-04 01:00:00,
128069,2022-11-04 01:15:00,
128070,2022-11-04 01:30:00,
128071,2022-11-04 01:45:00,
128072,2022-11-04 02:00:00,
128073,2022-11-04 02:15:00,
128074,2022-11-04 02:30:00,
128075,2022-11-04 02:45:00,
128076,2022-11-04 03:00:00,
128077,2022-11-04 03:15:00,
128078,2022-11-04 03:30:00,
128079,2022-11-04 03:45:00,
128080,2022-11-04 04:00:00,
128081,2022-11-04 04:15:00,
128082,2022-11-04 04:30:00,
128083,2022-11-04 04:45:00,
128084,2022-11-04 05:00:00,0.0
128085,2022-11-04 05:15:00,
128086,2022-11-04 05:30:00,
128087,2022-11-04 05:45:00,
128088,2022-11-04 06:00:00,
128089,2022-11-04 06:15:00,
128090,2022-11-04 06:30:00,
128091,2022-11-04 06:45:00,
128092,2022-11-04 07:00:00,
128093,2022-11-04 07:15:00,0.0
128094,2022-11-04 07:30:00,0.002
128095,2022-11-04 07:45:00,0.01
128096,2022-11-04 08:00:00,0.032
128097,2022-11-04 08:15:00,0.073
128098,2022-11-04 08:30:00,0.14
128099,2022-11-04 08:45:00,0.175
128100,2022-11-04 09:00:00,0.206
128101,2022-11-04 09:15:00,0.226
128102,2022-11-04 09:30:00,0.289
128103,2022-11-04 09:45:00,0.352
128104,2022-11-04 10:00:00,0.424
128105,2022-11-04 10:15:00,0.546
128106,2022-11-04 10:30:00,0.554
128107,2022-11-04 10:45:00,0.524
128108,2022-11-04 11:00:00,1.017
128109,2022-11-04 11:15:00,1.04
128110,2022-11-04 11:30:00,0.813
128111,2022-11-04 11:45:00,0.597
128112,2022-11-04 12:00:00,1.158
128113,2022-11-04 12:15:00,1.492
128114,2022-11-04 12:30:00,1.036
128115,2022-11-04 12:45:00,0.638
128116,2022-11-04 13:00:00,0.61
128117,2022-11-04 13:15:00,0.635
128118,2022-11-04 13:30:00,0.75
128119,2022-11-04 13:45:00,0.71
128120,2022-11-04 14:00:00,0.793
128121,2022-11-04 14:15:00,0.503
128122,2022-11-04 14:30:00,0.168
128123,2022-11-04 14:45:00,0.169
128124,2022-11-04 15:00:00,0.298
128125,2022-11-04 15:15:00,0.19
128126,2022-11-04 15:30:00,0.229
128127,2022-11-04 15:45:00,0.335
128128,2022-11-04 16:00:00,0.176
128129,2022-11-04 16:15:00,0.06
128130,2022-11-04 16:30:00,0.01
128131,2022-11-04 16:45:00,0.001
128132,2022-11-04 17:00:00,0.0
128133,2022-11-04 17:15:00,
128134,2022-11-04 17:30:00,
128135,2022-11-04 17:45:00,
128136,2022-11-04 18:00:00,
128137,2022-11-04 18:15:00,
128138,2022-11-04 18:30:00,
128139,2022-11-04 18:45:00,
128140,2022-11-04 19:00:00,0.0
128141,2022-11-04 19:15:00,
128142,2022-11-04 19:30:00,
128143,2022-11-04 19:45:00,
128144,2022-11-04 20:00:00,
128145,2022-11-04 20:15:00,
128146,2022-11-04 20:30:00,
128147,2022-11-04 20:45:00,
128148,2022-11-04 21:00:00,
128149,2022-11-04 21:15:00,
128150,2022-11-04 21:30:00,
128151,2022-11-04 21:45:00,
128152,2022-11-04 22:00:00,
128153,2022-11-04 22:15:00,
128154,2022-11-04 22:30:00,
128155,2022-11-04 22:45:00,
128156,2022-11-04 23:00:00,
128157,2022-11-04 23:15:00,
128158,2022-11-04 23:30:00,
128159,2022-11-04 23:45:00,
128160,2022-11-05 00:00:00,
128161,2022-11-05 00:15:00,
128162,2022-11-05 00:30:00,
128163,2022-11-05 00:45:00,
128164,2022-11-05 01:00:00,
128165,2022-11-05 01:15:00,
128166,2022-11-05 01:30:00,
128167,2022-11-05 01:45:00,
128168,2022-11-05 02:00:00,
128169,2022-11-05 02:15:00,
128170,2022-11-05 02:30:00,
128171,2022-11-05 02:45:00,
128172,2022-11-05 03:00:00,
128173,2022-11-05 03:15:00,
128174,2022-11-05 03:30:00,
128175,2022-11-05 03:45:00,
128176,2022-11-05 04:00:00,
128177,2022-11-05 04:15:00,
128178,2022-11-05 04:30:00,
128179,2022-11-05 04:45:00,
128180,2022-11-05 05:00:00,0.0
128181,2022-11-05 05:15:00,
128182,2022-11-05 05:30:00,
128183,2022-11-05 05:45:00,
128184,2022-11-05 06:00:00,
128185,2022-11-05 06:15:00,
128186,2022-11-05 06:30:00,
128187,2022-11-05 06:45:00,
128188,2022-11-05 07:00:00,
128189,2022-11-05 07:15:00,0.0
128190,2022-11-05 07:30:00,0.0
128191,2022-11-05 07:45:00,0.002
128192,2022-11-05 08:00:00,0.005
128193,2022-11-05 08:15:00,0.028
128194,2022-11-05 08:30:00,0.012
128195,2022-11-05 08:45:00,0.026
128196,2022-11-05 09:00:00,0.071
128197,2022-11-05 09:15:00,0.064
128198,2022-11-05 09:30:00,0.119
128199,2022-11-05 09:45:00,0.112
128200,2022-11-05 10:00:00,0.127
128201,2022-11-05 10:15:00,0.066
128202,2022-11-05 10:30:00,0.142
128203,2022-11-05 10:45:00,0.282
128204,2022-11-05 11:00:00,0.333
128205,2022-11-05 11:15:00,0.247
128206,2022-11-05 11:30:00,0.115
128207,2022-11-05 11:45:00,0.069
128208,2022-11-05 12:00:00,0.328
128209,2022-11-05 12:15:00,0.276
128210,2022-11-05 12:30:00,0.413
128211,2022-11-05 12:45:00,0.367
128212,2022-11-05 13:00:00,0.075
128213,2022-11-05 13:15:00,0.036
128214,2022-11-05 13:30:00,0.041
128215,2022-11-05 13:45:00,0.053
128216,2022-11-05 14:00:00,0.025
128217,2022-11-05 14:15:00,0.071
128218,2022-11-05 14:30:00,0.077
128219,2022-11-05 14:45:00,0.196
128220,2022-11-05 15:00:00,0.25
128221,2022-11-05 15:15:00,0.021
128222,2022-11-05 15:30:00,0.023
128223,2022-11-05 15:45:00,0.025
128224,2022-11-05 16:00:00,0.013
128225,2022-11-05 16:15:00,0.008
128226,2022-11-05 16:30:00,0.026
128227,2022-11-05 16:45:00,0.011
128228,2022-11-05 17:00:00,0.0
128229,2022-11-05 17:15:00,
128230,2022-11-05 17:30:00,
128231,2022-11-05 17:45:00,
128232,2022-11-05 18:00:00,
128233,2022-11-05 18:15:00,
128234,2022-11-05 18:30:00,
128235,2022-11-05 18:45:00,
128236,2022-11-05 19:00:00,0.0
128237,2022-11-05 19:15:00,
128238,2022-11-05 19:30:00,
128239,2022-11-05 19:45:00,
128240,2022-11-05 20:00:00,
128241,2022-11-05 20:15:00,
128242,2022-11-05 20:30:00,
128243,2022-11-05 20:45:00,
128244,2022-11-05 21:00:00,
128245,2022-11-05 21:15:00,
128246,2022-11-05 21:30:00,
128247,2022-11-05 21:45:00,
128248,2022-11-05 22:00:00,
128249,2022-11-05 22:15:00,
128250,2022-11-05 22:30:00,
128251,2022-11-05 22:45:00,
128252,2022-11-05 23:00:00,
128253,2022-11-05 23:15:00,
128254,2022-11-05 23:30:00,
128255,2022-11-05 23:45:00,
128256,2022-11-06 00:00:00,
128257,2022-11-06 00:15:00,
128258,2022-11-06 00:30:00,
128259,2022-11-06 00:45:00,
128260,2022-11-06 01:00:00,
128261,2022-11-06 01:15:00,
128262,2022-11-06 01:30:00,
128263,2022-11-06 01:45:00,
128264,2022-11-06 02:00:00,
128265,2022-11-06 02:15:00,
128266,2022-11-06 02:30:00,
128267,2022-11-06 02:45:00,
128268,2022-11-06 03:00:00,
128269,2022-11-06 03:15:00,
128270,2022-11-06 03:30:00,
128271,2022-11-06 03:45:00,
128272,2022-11-06 04:00:00,
128273,2022-11-06 04:15:00,
128274,2022-11-06 04:30:00,
128275,2022-11-06 04:45:00,
128276,2022-11-06 05:00:00,0.0
128277,2022-11-06 05:15:00,
128278,2022-11-06 05:30:00,
128279,2022-11-06 05:45:00,
128280,2022-11-06 06:00:00,
128281,2022-11-06 06:15:00,
128282,2022-11-06 06:30:00,
128283,2022-11-06 06:45:00,
128284,2022-11-06 07:00:00,0.0
128285,2022-11-06 07:15:00,0.0
128286,2022-11-06 07:30:00,0.01
128287,2022-11-06 07:45:00,0.036
128288,2022-11-06 08:00:00,0.139
128289,2022-11-06 08:15:00,0.166
128290,2022-11-06 08:30:00,0.23
128291,2022-11-06 08:45:00,0.465
128292,2022-11-06 09:00:00,0.497
128293,2022-11-06 09:15:00,0.246
128294,2022-11-06 09:30:00,0.255
128295,2022-11-06 09:45:00,0.361
128296,2022-11-06 10:00:00,0.353
128297,2022-11-06 10:15:00,0.311
128298,2022-11-06 10:30:00,0.3
128299,2022-11-06 10:45:00,0.296
128300,2022-11-06 11:00:00,0.294
128301,2022-11-06 11:15:00,0.25
128302,2022-11-06 11:30:00,0.474
128303,2022-11-06 11:45:00,0.896
128304,2022-11-06 12:00:00,0.722
128305,2022-11-06 12:15:00,0.658
128306,2022-11-06 12:30:00,0.786
128307,2022-11-06 12:45:00,1.015
128308,2022-11-06 13:00:00,0.989
128309,2022-11-06 13:15:00,1.122
128310,2022-11-06 13:30:00,1.0
128311,2022-11-06 13:45:00,0.658
128312,2022-11-06 14:00:00,0.486
128313,2022-11-06 14:15:00,0.399
128314,2022-11-06 14:30:00,0.263
128315,2022-11-06 14:45:00,0.191
128316,2022-11-06 15:00:00,0.194
128317,2022-11-06 15:15:00,0.658
128318,2022-11-06 15:30:00,0.385
128319,2022-11-06 15:45:00,0.554
128320,2022-11-06 16:00:00,0.097
128321,2022-11-06 16:15:00,0.043
128322,2022-11-06 16:30:00,0.031
128323,2022-11-06 16:45:00,0.003
128324,2022-11-06 17:00:00,0.0
128325,2022-11-06 17:15:00,
128326,2022-11-06 17:30:00,
128327,2022-11-06 17:45:00,
128328,2022-11-06 18:00:00,
128329,2022-11-06 18:15:00,
128330,2022-11-06 18:30:00,
128331,2022-11-06 18:45:00,
128332,2022-11-06 19:00:00,0.0
128333,2022-11-06 19:15:00,
128334,2022-11-06 19:30:00,
128335,2022-11-06 19:45:00,
128336,2022-11-06 20:00:00,
128337,2022-11-06 20:15:00,
128338,2022-11-06 20:30:00,
128339,2022-11-06 20:45:00,
128340,2022-11-06 21:00:00,
128341,2022-11-06 21:15:00,
128342,2022-11-06 21:30:00,
128343,2022-11-06 21:45:00,
128344,2022-11-06 22:00:00,
128345,2022-11-06 22:15:00,
128346,2022-11-06 22:30:00,
128347,2022-11-06 22:45:00,
128348,2022-11-06 23:00:00,
128349,2022-11-06 23:15:00,
128350,2022-11-06 23:30:00,
128351,2022-11-06 23:45:00,
128352,2022-11-07 00:00:00,
128353,2022-11-07 00:15:00,
128354,2022-11-07 00:30:00,
128355,2022-11-07 00:45:00,
128356,2022-11-07 01:00:00,
128357,2022-11-07 01:15:00,
128358,2022-11-07 01:30:00,
128359,2022-11-07 01:45:00,
128360,2022-11-07 02:00:00,
128361,2022-11-07 02:15:00,
128362,2022-11-07 02:30:00,
128363,2022-11-07 02:45:00,
128364,2022-11-07 03:00:00,
128365,2022-11-07 03:15:00,
128366,2022-11-07 03:30:00,
128367,2022-11-07 03:45:00,
128368,2022-11-07 04:00:00,
128369,2022-11-07 04:15:00,
128370,2022-11-07 04:30:00,
128371,2022-11-07 04:45:00,
128372,2022-11-07 05:00:00,0.0
128373,2022-11-07 05:15:00,
128374,2022-11-07 05:30:00,
128375,2022-11-07 05:45:00,
128376,2022-11-07 06:00:00,
128377,2022-11-07 06:15:00,
128378,2022-11-07 06:30:00,
128379,2022-11-07 06:45:00,
128380,2022-11-07 07:00:00,0.0
128381,2022-11-07 07:15:00,0.004
128382,2022-11-07 07:30:00,0.02
128383,2022-11-07 07:45:00,0.038
128384,2022-11-07 08:00:00,0.065
128385,2022-11-07 08:15:00,0.084
128386,2022-11-07 08:30:00,0.123
128387,2022-11-07 08:45:00,0.232
128388,2022-11-07 09:00:00,0.358
128389,2022-11-07 09:15:00,0.571
128390,2022-11-07 09:30:00,0.733
128391,2022-11-07 09:45:00,0.937
128392,2022-11-07 10:00:00,0.956
128393,2022-11-07 10:15:00,0.977
128394,2022-11-07 10:30:00,1.034
128395,2022-11-07 10:45:00,1.195
128396,2022-11-07 11:00:00,1.305
128397,2022-11-07 11:15:00,0.933
128398,2022-11-07 11:30:00,1.246
128399,2022-11-07 11:45:00,1.193
128400,2022-11-07 12:00:00,1.267
128401,2022-11-07 12:15:00,1.236
128402,2022-11-07 12:30:00,1.214
128403,2022-11-07 12:45:00,1.165
128404,2022-11-07 13:00:00,1.204
128405,2022-11-07 13:15:00,0.965
128406,2022-11-07 13:30:00,1.029
128407,2022-11-07 13:45:00,1.078
128408,2022-11-07 14:00:00,1.072
128409,2022-11-07 14:15:00,1.011
128410,2022-11-07 14:30:00,0.934
128411,2022-11-07 14:45:00,0.931
128412,2022-11-07 15:00:00,0.833
128413,2022-11-07 15:15:00,0.599
128414,2022-11-07 15:30:00,0.283
128415,2022-11-07 15:45:00,0.187
128416,2022-11-07 16:00:00,0.104
128417,2022-11-07 16:15:00,0.094
128418,2022-11-07 16:30:00,0.047
128419,2022-11-07 16:45:00,0.005
128420,2022-11-07 17:00:00,0.002
128421,2022-11-07 17:15:00,
128422,2022-11-07 17:30:00,
128423,2022-11-07 17:45:00,
128424,2022-11-07 18:00:00,
128425,2022-11-07 18:15:00,
128426,2022-11-07 18:30:00,
128427,2022-11-07 18:45:00,
128428,2022-11-07 19:00:00,0.0
128429,2022-11-07 19:15:00,
128430,2022-11-07 19:30:00,
128431,2022-11-07 19:45:00,
128432,2022-11-07 20:00:00,
128433,2022-11-07 20:15:00,
128434,2022-11-07 20:30:00,
128435,2022-11-07 20:45:00,
128436,2022-11-07 21:00:00,
128437,2022-11-07 21:15:00,
128438,2022-11-07 21:30:00,
128439,2022-11-07 21:45:00,
128440,2022-11-07 22:00:00,
128441,2022-11-07 22:15:00,
128442,2022-11-07 22:30:00,
128443,2022-11-07 22:45:00,
128444,2022-11-07 23:00:00,
128445,2022-11-07 23:15:00,
128446,2022-11-07 23:30:00,
128447,2022-11-07 23:45:00,
128448,2022-11-08 00:00:00,
128449,2022-11-08 00:15:00,
128450,2022-11-08 00:30:00,
128451,2022-11-08 00:45:00,
128452,2022-11-08 01:00:00,
128453,2022-11-08 01:15:00,
128454,2022-11-08 01:30:00,
128455,2022-11-08 01:45:00,
128456,2022-11-08 02:00:00,
128457,2022-11-08 02:15:00,
128458,2022-11-08 02:30:00,
128459,2022-11-08 02:45:00,
128460,2022-11-08 03:00:00,
128461,2022-11-08 03:15:00,
128462,2022-11-08 03:30:00,
128463,2022-11-08 03:45:00,
128464,2022-11-08 04:00:00,
128465,2022-11-08 04:15:00,
128466,2022-11-08 04:30:00,
128467,2022-11-08 04:45:00,
128468,2022-11-08 05:00:00,0.0
128469,2022-11-08 05:15:00,
128470,2022-11-08 05:30:00,
128471,2022-11-08 05:45:00,
128472,2022-11-08 06:00:00,
128473,2022-11-08 06:15:00,
128474,2022-11-08 06:30:00,
128475,2022-11-08 06:45:00,
128476,2022-11-08 07:00:00,0.0
128477,2022-11-08 07:15:00,0.0
128478,2022-11-08 07:30:00,0.006
128479,2022-11-08 07:45:00,0.015
128480,2022-11-08 08:00:00,0.024
128481,2022-11-08 08:15:00,0.044
128482,2022-11-08 08:30:00,0.113
128483,2022-11-08 08:45:00,0.361
128484,2022-11-08 09:00:00,0.462
128485,2022-11-08 09:15:00,0.404
128486,2022-11-08 09:30:00,0.652
128487,2022-11-08 09:45:00,0.63
128488,2022-11-08 10:00:00,0.653
128489,2022-11-08 10:15:00,1.133
128490,2022-11-08 10:30:00,0.79
128491,2022-11-08 10:45:00,0.748
128492,2022-11-08 11:00:00,0.844
128493,2022-11-08 11:15:00,1.039
128494,2022-11-08 11:30:00,0.897
128495,2022-11-08 11:45:00,0.494
128496,2022-11-08 12:00:00,0.766
128497,2022-11-08 12:15:00,1.056
128498,2022-11-08 12:30:00,1.107
128499,2022-11-08 12:45:00,0.583
128500,2022-11-08 13:00:00,0.908
128501,2022-11-08 13:15:00,1.089
128502,2022-11-08 13:30:00,0.677
128503,2022-11-08 13:45:00,0.533
128504,2022-11-08 14:00:00,0.736
128505,2022-11-08 14:15:00,1.111
128506,2022-11-08 14:30:00,0.663
128507,2022-11-08 14:45:00,0.659
128508,2022-11-08 15:00:00,0.577
128509,2022-11-08 15:15:00,0.399
128510,2022-11-08 15:30:00,0.295
128511,2022-11-08 15:45:00,0.222
128512,2022-11-08 16:00:00,0.149
128513,2022-11-08 16:15:00,0.073
128514,2022-11-08 16:30:00,0.019
128515,2022-11-08 16:45:00,0.001
128516,2022-11-08 17:00:00,0.0
128517,2022-11-08 17:15:00,
128518,2022-11-08 17:30:00,
128519,2022-11-08 17:45:00,
128520,2022-11-08 18:00:00,
128521,2022-11-08 18:15:00,
128522,2022-11-08 18:30:00,
128523,2022-11-08 18:45:00,
128524,2022-11-08 19:00:00,0.0
128525,2022-11-08 19:15:00,
128526,2022-11-08 19:30:00,
128527,2022-11-08 19:45:00,
128528,2022-11-08 20:00:00,
128529,2022-11-08 20:15:00,
128530,2022-11-08 20:30:00,
128531,2022-11-08 20:45:00,
128532,2022-11-08 21:00:00,
128533,2022-11-08 21:15:00,
128534,2022-11-08 21:30:00,
128535,2022-11-08 21:45:00,
128536,2022-11-08 22:00:00,
128537,2022-11-08 22:15:00,
128538,2022-11-08 22:30:00,
128539,2022-11-08 22:45:00,
128540,2022-11-08 23:00:00,
128541,2022-11-08 23:15:00,
128542,2022-11-08 23:30:00,
128543,2022-11-08 23:45:00,
128544,2022-11-09 00:00:00,
128545,2022-11-09 00:15:00,
128546,2022-11-09 00:30:00,
128547,2022-11-09 00:45:00,
128548,2022-11-09 01:00:00,
128549,2022-11-09 01:15:00,
128550,2022-11-09 01:30:00,
128551,2022-11-09 01:45:00,
128552,2022-11-09 02:00:00,
128553,2022-11-09 02:15:00,
128554,2022-11-09 02:30:00,
128555,2022-11-09 02:45:00,
128556,2022-11-09 03:00:00,
128557,2022-11-09 03:15:00,
128558,2022-11-09 03:30:00,
128559,2022-11-09 03:45:00,
128560,2022-11-09 04:00:00,
128561,2022-11-09 04:15:00,
128562,2022-11-09 04:30:00,
128563,2022-11-09 04:45:00,
128564,2022-11-09 05:00:00,0.0
128565,2022-11-09 05:15:00,
128566,2022-11-09 05:30:00,
128567,2022-11-09 05:45:00,
128568,2022-11-09 06:00:00,
128569,2022-11-09 06:15:00,
128570,2022-11-09 06:30:00,
128571,2022-11-09 06:45:00,
128572,2022-11-09 07:00:00,
128573,2022-11-09 07:15:00,0.0
128574,2022-11-09 07:30:00,0.001
128575,2022-11-09 07:45:00,0.005
128576,2022-11-09 08:00:00,0.033
128577,2022-11-09 08:15:00,0.179
128578,2022-11-09 08:30:00,0.051
128579,2022-11-09 08:45:00,0.069
128580,2022-11-09 09:00:00,0.095
128581,2022-11-09 09:15:00,0.277
128582,2022-11-09 09:30:00,0.407
128583,2022-11-09 09:45:00,0.398
128584,2022-11-09 10:00:00,0.306
128585,2022-11-09 10:15:00,0.244
128586,2022-11-09 10:30:00,0.382
128587,2022-11-09 10:45:00,0.298
128588,2022-11-09 11:00:00,0.231
128589,2022-11-09 11:15:00,0.294
128590,2022-11-09 11:30:00,0.288
128591,2022-11-09 11:45:00,0.231
128592,2022-11-09 12:00:00,0.238
128593,2022-11-09 12:15:00,0.318
128594,2022-11-09 12:30:00,0.208
128595,2022-11-09 12:45:00,0.159
128596,2022-11-09 13:00:00,0.108
128597,2022-11-09 13:15:00,0.11
128598,2022-11-09 13:30:00,0.129
128599,2022-11-09 13:45:00,0.098
128600,2022-11-09 14:00:00,0.084
128601,2022-11-09 14:15:00,0.079
128602,2022-11-09 14:30:00,0.064
128603,2022-11-09 14:45:00,0.042
128604,2022-11-09 15:00:00,0.03
128605,2022-11-09 15:15:00,0.017
128606,2022-11-09 15:30:00,0.019
128607,2022-11-09 15:45:00,0.016
128608,2022-11-09 16:00:00,0.007
128609,2022-11-09 16:15:00,0.003
128610,2022-11-09 16:30:00,0.0
128611,2022-11-09 16:45:00,0.0
128612,2022-11-09 17:00:00,
128613,2022-11-09 17:15:00,
128614,2022-11-09 17:30:00,
128615,2022-11-09 17:45:00,
128616,2022-11-09 18:00:00,
128617,2022-11-09 18:15:00,
128618,2022-11-09 18:30:00,
128619,2022-11-09 18:45:00,0.0
128620,2022-11-09 19:00:00,
128621,2022-11-09 19:15:00,
128622,2022-11-09 19:30:00,
128623,2022-11-09 19:45:00,
128624,2022-11-09 20:00:00,
128625,2022-11-09 20:15:00,
128626,2022-11-09 20:30:00,
128627,2022-11-09 20:45:00,
128628,2022-11-09 21:00:00,
128629,2022-11-09 21:15:00,
128630,2022-11-09 21:30:00,
128631,2022-11-09 21:45:00,
128632,2022-11-09 22:00:00,
128633,2022-11-09 22:15:00,
128634,2022-11-09 22:30:00,
128635,2022-11-09 22:45:00,
128636,2022-11-09 23:00:00,
128637,2022-11-09 23:15:00,
128638,2022-11-09 23:30:00,
128639,2022-11-09 23:45:00,
128640,2022-11-10 00:00:00,
128641,2022-11-10 00:15:00,
128642,2022-11-10 00:30:00,
128643,2022-11-10 00:45:00,
128644,2022-11-10 01:00:00,
128645,2022-11-10 01:15:00,
128646,2022-11-10 01:30:00,
128647,2022-11-10 01:45:00,
128648,2022-11-10 02:00:00,
128649,2022-11-10 02:15:00,
128650,2022-11-10 02:30:00,
128651,2022-11-10 02:45:00,
128652,2022-11-10 03:00:00,
128653,2022-11-10 03:15:00,
128654,2022-11-10 03:30:00,
128655,2022-11-10 03:45:00,
128656,2022-11-10 04:00:00,
128657,2022-11-10 04:15:00,
128658,2022-11-10 04:30:00,
128659,2022-11-10 04:45:00,0.0
128660,2022-11-10 05:00:00,
128661,2022-11-10 05:15:00,
128662,2022-11-10 05:30:00,
128663,2022-11-10 05:45:00,
128664,2022-11-10 06:00:00,
128665,2022-11-10 06:15:00,
128666,2022-11-10 06:30:00,
128667,2022-11-10 06:45:00,
128668,2022-11-10 07:00:00,0.0
128669,2022-11-10 07:15:00,0.0
128670,2022-11-10 07:30:00,0.0
128671,2022-11-10 07:45:00,0.003
128672,2022-11-10 08:00:00,0.014
128673,2022-11-10 08:15:00,0.027
128674,2022-11-10 08:30:00,0.068
128675,2022-11-10 08:45:00,0.116
128676,2022-11-10 09:00:00,0.154
128677,2022-11-10 09:15:00,0.158
128678,2022-11-10 09:30:00,0.133
128679,2022-11-10 09:45:00,0.248
128680,2022-11-10 10:00:00,0.452
128681,2022-11-10 10:15:00,0.712
128682,2022-11-10 10:30:00,0.859
128683,2022-11-10 10:45:00,0.537
128684,2022-11-10 11:00:00,0.645
128685,2022-11-10 11:15:00,0.419
128686,2022-11-10 11:30:00,0.398
128687,2022-11-10 11:45:00,0.42
128688,2022-11-10 12:00:00,0.463
128689,2022-11-10 12:15:00,0.877
128690,2022-11-10 12:30:00,0.746
128691,2022-11-10 12:45:00,1.159
128692,2022-11-10 13:00:00,1.052
128693,2022-11-10 13:15:00,1.187
128694,2022-11-10 13:30:00,1.195
128695,2022-11-10 13:45:00,1.03
128696,2022-11-10 14:00:00,1.03
128697,2022-11-10 14:15:00,1.001
128698,2022-11-10 14:30:00,0.969
128699,2022-11-10 14:45:00,0.866
128700,2022-11-10 15:00:00,0.787
128701,2022-11-10 15:15:00,0.695
128702,2022-11-10 15:30:00,0.583
128703,2022-11-10 15:45:00,0.341
128704,2022-11-10 16:00:00,0.154
128705,2022-11-10 16:15:00,0.077
128706,2022-11-10 16:30:00,0.027
128707,2022-11-10 16:45:00,0.002
128708,2022-11-10 17:00:00,0.001
128709,2022-11-10 17:15:00,0.0
128710,2022-11-10 17:30:00,
128711,2022-11-10 17:45:00,
128712,2022-11-10 18:00:00,
128713,2022-11-10 18:15:00,
128714,2022-11-10 18:30:00,
128715,2022-11-10 18:45:00,
128716,2022-11-10 19:00:00,0.0
128717,2022-11-10 19:15:00,
128718,2022-11-10 19:30:00,
128719,2022-11-10 19:45:00,
128720,2022-11-10 20:00:00,
128721,2022-11-10 20:15:00,
128722,2022-11-10 20:30:00,
128723,2022-11-10 20:45:00,
128724,2022-11-10 21:00:00,
128725,2022-11-10 21:15:00,
128726,2022-11-10 21:30:00,
128727,2022-11-10 21:45:00,
128728,2022-11-10 22:00:00,
128729,2022-11-10 22:15:00,
128730,2022-11-10 22:30:00,
128731,2022-11-10 22:45:00,
128732,2022-11-10 23:00:00,
128733,2022-11-10 23:15:00,
128734,2022-11-10 23:30:00,
128735,2022-11-10 23:45:00,
128736,2022-11-11 00:00:00,
128737,2022-11-11 00:15:00,
128738,2022-11-11 00:30:00,
128739,2022-11-11 00:45:00,
128740,2022-11-11 01:00:00,
128741,2022-11-11 01:15:00,
128742,2022-11-11 01:30:00,
128743,2022-11-11 01:45:00,
128744,2022-11-11 02:00:00,
128745,2022-11-11 02:15:00,
128746,2022-11-11 02:30:00,
128747,2022-11-11 02:45:00,
128748,2022-11-11 03:00:00,
128749,2022-11-11 03:15:00,
128750,2022-11-11 03:30:00,
128751,2022-11-11 03:45:00,
128752,2022-11-11 04:00:00,
128753,2022-11-11 04:15:00,
128754,2022-11-11 04:30:00,
128755,2022-11-11 04:45:00,
128756,2022-11-11 05:00:00,0.0
128757,2022-11-11 05:15:00,
128758,2022-11-11 05:30:00,
128759,2022-11-11 05:45:00,
128760,2022-11-11 06:00:00,
128761,2022-11-11 06:15:00,
128762,2022-11-11 06:30:00,
128763,2022-11-11 06:45:00,
128764,2022-11-11 07:00:00,
128765,2022-11-11 07:15:00,0.0
128766,2022-11-11 07:30:00,0.0
128767,2022-11-11 07:45:00,0.002
128768,2022-11-11 08:00:00,0.005
128769,2022-11-11 08:15:00,0.015
128770,2022-11-11 08:30:00,0.041
128771,2022-11-11 08:45:00,0.069
128772,2022-11-11 09:00:00,0.083
128773,2022-11-11 09:15:00,0.107
128774,2022-11-11 09:30:00,0.166
128775,2022-11-11 09:45:00,0.221
128776,2022-11-11 10:00:00,0.398
128777,2022-11-11 10:15:00,0.536
128778,2022-11-11 10:30:00,0.752
128779,2022-11-11 10:45:00,0.685
128780,2022-11-11 11:00:00,0.87
128781,2022-11-11 11:15:00,0.945
128782,2022-11-11 11:30:00,0.952
128783,2022-11-11 11:45:00,0.908
128784,2022-11-11 12:00:00,0.878
128785,2022-11-11 12:15:00,0.964
128786,2022-11-11 12:30:00,0.895
128787,2022-11-11 12:45:00,0.881
128788,2022-11-11 13:00:00,0.959
128789,2022-11-11 13:15:00,0.743
128790,2022-11-11 13:30:00,0.577
128791,2022-11-11 13:45:00,0.737
128792,2022-11-11 14:00:00,0.884
128793,2022-11-11 14:15:00,0.908
128794,2022-11-11 14:30:00,0.66
128795,2022-11-11 14:45:00,0.473
128796,2022-11-11 15:00:00,0.428
128797,2022-11-11 15:15:00,0.435
128798,2022-11-11 15:30:00,0.282
128799,2022-11-11 15:45:00,0.181
128800,2022-11-11 16:00:00,0.08
128801,2022-11-11 16:15:00,0.028
128802,2022-11-11 16:30:00,0.007
128803,2022-11-11 16:45:00,0.001
128804,2022-11-11 17:00:00,0.0
128805,2022-11-11 17:15:00,
128806,2022-11-11 17:30:00,
128807,2022-11-11 17:45:00,
128808,2022-11-11 18:00:00,
128809,2022-11-11 18:15:00,
128810,2022-11-11 18:30:00,
128811,2022-11-11 18:45:00,0.0
128812,2022-11-11 19:00:00,
128813,2022-11-11 19:15:00,
128814,2022-11-11 19:30:00,
128815,2022-11-11 19:45:00,
128816,2022-11-11 20:00:00,
128817,2022-11-11 20:15:00,
128818,2022-11-11 20:30:00,
128819,2022-11-11 20:45:00,
128820,2022-11-11 21:00:00,
128821,2022-11-11 21:15:00,
128822,2022-11-11 21:30:00,
128823,2022-11-11 21:45:00,
128824,2022-11-11 22:00:00,
128825,2022-11-11 22:15:00,
128826,2022-11-11 22:30:00,
128827,2022-11-11 22:45:00,
128828,2022-11-11 23:00:00,
128829,2022-11-11 23:15:00,
128830,2022-11-11 23:30:00,
128831,2022-11-11 23:45:00,
128832,2022-11-12 00:00:00,
128833,2022-11-12 00:15:00,
128834,2022-11-12 00:30:00,
128835,2022-11-12 00:45:00,
128836,2022-11-12 01:00:00,
128837,2022-11-12 01:15:00,
128838,2022-11-12 01:30:00,
128839,2022-11-12 01:45:00,
128840,2022-11-12 02:00:00,
128841,2022-11-12 02:15:00,
128842,2022-11-12 02:30:00,
128843,2022-11-12 02:45:00,
128844,2022-11-12 03:00:00,
128845,2022-11-12 03:15:00,
128846,2022-11-12 03:30:00,
128847,2022-11-12 03:45:00,
128848,2022-11-12 04:00:00,
128849,2022-11-12 04:15:00,
128850,2022-11-12 04:30:00,
128851,2022-11-12 04:45:00,0.0
128852,2022-11-12 05:00:00,
128853,2022-11-12 05:15:00,
128854,2022-11-12 05:30:00,
128855,2022-11-12 05:45:00,
128856,2022-11-12 06:00:00,
128857,2022-11-12 06:15:00,
128858,2022-11-12 06:30:00,
128859,2022-11-12 06:45:00,
128860,2022-11-12 07:00:00,
128861,2022-11-12 07:15:00,0.0
128862,2022-11-12 07:30:00,0.0
128863,2022-11-12 07:45:00,0.013
128864,2022-11-12 08:00:00,0.055
128865,2022-11-12 08:15:00,0.125
128866,2022-11-12 08:30:00,0.146
128867,2022-11-12 08:45:00,0.167
128868,2022-11-12 09:00:00,0.14
128869,2022-11-12 09:15:00,0.194
128870,2022-11-12 09:30:00,0.23
128871,2022-11-12 09:45:00,0.345
128872,2022-11-12 10:00:00,0.373
128873,2022-11-12 10:15:00,0.322
128874,2022-11-12 10:30:00,0.347
128875,2022-11-12 10:45:00,0.337
128876,2022-11-12 11:00:00,0.373
128877,2022-11-12 11:15:00,0.375
128878,2022-11-12 11:30:00,0.417
128879,2022-11-12 11:45:00,0.386
128880,2022-11-12 12:00:00,0.343
128881,2022-11-12 12:15:00,0.42
128882,2022-11-12 12:30:00,0.394
128883,2022-11-12 12:45:00,0.446
128884,2022-11-12 13:00:00,0.384
128885,2022-11-12 13:15:00,0.357
128886,2022-11-12 13:30:00,0.413
128887,2022-11-12 13:45:00,0.385
128888,2022-11-12 14:00:00,0.318
128889,2022-11-12 14:15:00,0.304
128890,2022-11-12 14:30:00,0.293
128891,2022-11-12 14:45:00,0.267
128892,2022-11-12 15:00:00,0.244
128893,2022-11-12 15:15:00,0.196
128894,2022-11-12 15:30:00,0.145
128895,2022-11-12 15:45:00,0.12
128896,2022-11-12 16:00:00,0.061
128897,2022-11-12 16:15:00,0.023
128898,2022-11-12 16:30:00,0.002
128899,2022-11-12 16:45:00,0.0
128900,2022-11-12 17:00:00,
128901,2022-11-12 17:15:00,
128902,2022-11-12 17:30:00,
128903,2022-11-12 17:45:00,
128904,2022-11-12 18:00:00,
128905,2022-11-12 18:15:00,
128906,2022-11-12 18:30:00,
128907,2022-11-12 18:45:00,0.0
128908,2022-11-12 19:00:00,
128909,2022-11-12 19:15:00,
128910,2022-11-12 19:30:00,
128911,2022-11-12 19:45:00,
128912,2022-11-12 20:00:00,
128913,2022-11-12 20:15:00,
128914,2022-11-12 20:30:00,
128915,2022-11-12 20:45:00,
128916,2022-11-12 21:00:00,
128917,2022-11-12 21:15:00,
128918,2022-11-12 21:30:00,
128919,2022-11-12 21:45:00,
128920,2022-11-12 22:00:00,
128921,2022-11-12 22:15:00,
128922,2022-11-12 22:30:00,
128923,2022-11-12 22:45:00,
128924,2022-11-12 23:00:00,
128925,2022-11-12 23:15:00,
128926,2022-11-12 23:30:00,
128927,2022-11-12 23:45:00,
128928,2022-11-13 00:00:00,
128929,2022-11-13 00:15:00,
128930,2022-11-13 00:30:00,
128931,2022-11-13 00:45:00,
128932,2022-11-13 01:00:00,
128933,2022-11-13 01:15:00,
128934,2022-11-13 01:30:00,
128935,2022-11-13 01:45:00,
128936,2022-11-13 02:00:00,
128937,2022-11-13 02:15:00,
128938,2022-11-13 02:30:00,
128939,2022-11-13 02:45:00,
128940,2022-11-13 03:00:00,
128941,2022-11-13 03:15:00,
128942,2022-11-13 03:30:00,
128943,2022-11-13 03:45:00,
128944,2022-11-13 04:00:00,
128945,2022-11-13 04:15:00,
128946,2022-11-13 04:30:00,
128947,2022-11-13 04:45:00,0.0
128948,2022-11-13 05:00:00,
128949,2022-11-13 05:15:00,
128950,2022-11-13 05:30:00,
128951,2022-11-13 05:45:00,
128952,2022-11-13 06:00:00,
128953,2022-11-13 06:15:00,
128954,2022-11-13 06:30:00,
128955,2022-11-13 06:45:00,
128956,2022-11-13 07:00:00,
128957,2022-11-13 07:15:00,0.0
128958,2022-11-13 07:30:00,0.0
128959,2022-11-13 07:45:00,0.0
128960,2022-11-13 08:00:00,0.005
128961,2022-11-13 08:15:00,0.013
128962,2022-11-13 08:30:00,0.021
128963,2022-11-13 08:45:00,0.028
128964,2022-11-13 09:00:00,0.044
128965,2022-11-13 09:15:00,0.057
128966,2022-11-13 09:30:00,0.073
128967,2022-11-13 09:45:00,0.091
128968,2022-11-13 10:00:00,0.11
128969,2022-11-13 10:15:00,0.114
128970,2022-11-13 10:30:00,0.134
128971,2022-11-13 10:45:00,0.142
128972,2022-11-13 11:00:00,0.128
128973,2022-11-13 11:15:00,0.135
128974,2022-11-13 11:30:00,0.14
128975,2022-11-13 11:45:00,0.147
128976,2022-11-13 12:00:00,0.16
128977,2022-11-13 12:15:00,0.168
128978,2022-11-13 12:30:00,0.151
128979,2022-11-13 12:45:00,0.174
128980,2022-11-13 13:00:00,0.2
128981,2022-11-13 13:15:00,0.171
128982,2022-11-13 13:30:00,0.168
128983,2022-11-13 13:45:00,0.172
128984,2022-11-13 14:00:00,0.133
128985,2022-11-13 14:15:00,0.106
128986,2022-11-13 14:30:00,0.096
128987,2022-11-13 14:45:00,0.09
128988,2022-11-13 15:00:00,0.067
128989,2022-11-13 15:15:00,0.055
128990,2022-11-13 15:30:00,0.032
128991,2022-11-13 15:45:00,0.019
128992,2022-11-13 16:00:00,0.007
128993,2022-11-13 16:15:00,0.005
128994,2022-11-13 16:30:00,0.0
128995,2022-11-13 16:45:00,0.0
128996,2022-11-13 17:00:00,
128997,2022-11-13 17:15:00,
128998,2022-11-13 17:30:00,
128999,2022-11-13 17:45:00,
129000,2022-11-13 18:00:00,
129001,2022-11-13 18:15:00,
129002,2022-11-13 18:30:00,
129003,2022-11-13 18:45:00,0.0
129004,2022-11-13 19:00:00,
129005,2022-11-13 19:15:00,
129006,2022-11-13 19:30:00,
129007,2022-11-13 19:45:00,
129008,2022-11-13 20:00:00,
129009,2022-11-13 20:15:00,
129010,2022-11-13 20:30:00,
129011,2022-11-13 20:45:00,
129012,2022-11-13 21:00:00,
129013,2022-11-13 21:15:00,
129014,2022-11-13 21:30:00,
129015,2022-11-13 21:45:00,
129016,2022-11-13 22:00:00,
129017,2022-11-13 22:15:00,
129018,2022-11-13 22:30:00,
129019,2022-11-13 22:45:00,
129020,2022-11-13 23:00:00,
129021,2022-11-13 23:15:00,
129022,2022-11-13 23:30:00,
129023,2022-11-13 23:45:00,
129024,2022-11-14 00:00:00,
129025,2022-11-14 00:15:00,
129026,2022-11-14 00:30:00,
129027,2022-11-14 00:45:00,
129028,2022-11-14 01:00:00,
129029,2022-11-14 01:15:00,
129030,2022-11-14 01:30:00,
129031,2022-11-14 01:45:00,
129032,2022-11-14 02:00:00,
129033,2022-11-14 02:15:00,
129034,2022-11-14 02:30:00,
129035,2022-11-14 02:45:00,
129036,2022-11-14 03:00:00,
129037,2022-11-14 03:15:00,
129038,2022-11-14 03:30:00,
129039,2022-11-14 03:45:00,
129040,2022-11-14 04:00:00,
129041,2022-11-14 04:15:00,
129042,2022-11-14 04:30:00,
129043,2022-11-14 04:45:00,0.0
129044,2022-11-14 05:00:00,
129045,2022-11-14 05:15:00,
129046,2022-11-14 05:30:00,
129047,2022-11-14 05:45:00,
129048,2022-11-14 06:00:00,
129049,2022-11-14 06:15:00,
129050,2022-11-14 06:30:00,
129051,2022-11-14 06:45:00,
129052,2022-11-14 07:00:00,
129053,2022-11-14 07:15:00,
129054,2022-11-14 07:30:00,0.0
129055,2022-11-14 07:45:00,0.0
129056,2022-11-14 08:00:00,0.0
129057,2022-11-14 08:15:00,0.0
129058,2022-11-14 08:30:00,0.0
129059,2022-11-14 08:45:00,0.0
129060,2022-11-14 09:00:00,0.008
129061,2022-11-14 09:15:00,0.011
129062,2022-11-14 09:30:00,0.011
129063,2022-11-14 09:45:00,0.019
129064,2022-11-14 10:00:00,0.045
129065,2022-11-14 10:15:00,0.132
129066,2022-11-14 10:30:00,0.133
129067,2022-11-14 10:45:00,0.082
129068,2022-11-14 11:00:00,0.099
129069,2022-11-14 11:15:00,0.138
129070,2022-11-14 11:30:00,0.391
129071,2022-11-14 11:45:00,0.202
129072,2022-11-14 12:00:00,0.153
129073,2022-11-14 12:15:00,0.216
129074,2022-11-14 12:30:00,0.297
129075,2022-11-14 12:45:00,0.27
129076,2022-11-14 13:00:00,0.324
129077,2022-11-14 13:15:00,0.292
129078,2022-11-14 13:30:00,0.266
129079,2022-11-14 13:45:00,0.387
129080,2022-11-14 14:00:00,0.476
129081,2022-11-14 14:15:00,0.321
129082,2022-11-14 14:30:00,0.176
129083,2022-11-14 14:45:00,0.208
129084,2022-11-14 15:00:00,0.147
129085,2022-11-14 15:15:00,0.067
129086,2022-11-14 15:30:00,0.067
129087,2022-11-14 15:45:00,0.068
129088,2022-11-14 16:00:00,0.057
129089,2022-11-14 16:15:00,0.009
129090,2022-11-14 16:30:00,0.0
129091,2022-11-14 16:45:00,0.0
129092,2022-11-14 17:00:00,
129093,2022-11-14 17:15:00,
129094,2022-11-14 17:30:00,
129095,2022-11-14 17:45:00,
129096,2022-11-14 18:00:00,
129097,2022-11-14 18:15:00,
129098,2022-11-14 18:30:00,0.0
129099,2022-11-14 18:45:00,
129100,2022-11-14 19:00:00,
129101,2022-11-14 19:15:00,
129102,2022-11-14 19:30:00,
129103,2022-11-14 19:45:00,
129104,2022-11-14 20:00:00,
129105,2022-11-14 20:15:00,
129106,2022-11-14 20:30:00,
129107,2022-11-14 20:45:00,
129108,2022-11-14 21:00:00,
129109,2022-11-14 21:15:00,
129110,2022-11-14 21:30:00,
129111,2022-11-14 21:45:00,
129112,2022-11-14 22:00:00,
129113,2022-11-14 22:15:00,
129114,2022-11-14 22:30:00,
129115,2022-11-14 22:45:00,
129116,2022-11-14 23:00:00,
129117,2022-11-14 23:15:00,
129118,2022-11-14 23:30:00,
129119,2022-11-14 23:45:00,
129120,2022-11-15 00:00:00,
129121,2022-11-15 00:15:00,
129122,2022-11-15 00:30:00,
129123,2022-11-15 00:45:00,
129124,2022-11-15 01:00:00,
129125,2022-11-15 01:15:00,
129126,2022-11-15 01:30:00,
129127,2022-11-15 01:45:00,
129128,2022-11-15 02:00:00,
129129,2022-11-15 02:15:00,
129130,2022-11-15 02:30:00,
129131,2022-11-15 02:45:00,
129132,2022-11-15 03:00:00,
129133,2022-11-15 03:15:00,
129134,2022-11-15 03:30:00,
129135,2022-11-15 03:45:00,
129136,2022-11-15 04:00:00,
129137,2022-11-15 04:15:00,
129138,2022-11-15 04:30:00,0.0
129139,2022-11-15 04:45:00,
129140,2022-11-15 05:00:00,
129141,2022-11-15 05:15:00,
129142,2022-11-15 05:30:00,
129143,2022-11-15 05:45:00,
129144,2022-11-15 06:00:00,
129145,2022-11-15 06:15:00,
129146,2022-11-15 06:30:00,
129147,2022-11-15 06:45:00,
129148,2022-11-15 07:00:00,
129149,2022-11-15 07:15:00,0.0
129150,2022-11-15 07:30:00,0.007
129151,2022-11-15 07:45:00,0.05
129152,2022-11-15 08:00:00,0.101
129153,2022-11-15 08:15:00,0.096
129154,2022-11-15 08:30:00,0.117
129155,2022-11-15 08:45:00,0.127
129156,2022-11-15 09:00:00,0.153
129157,2022-11-15 09:15:00,0.292
129158,2022-11-15 09:30:00,0.397
129159,2022-11-15 09:45:00,0.514
129160,2022-11-15 10:00:00,0.626
129161,2022-11-15 10:15:00,0.582
129162,2022-11-15 10:30:00,0.596
129163,2022-11-15 10:45:00,0.443
129164,2022-11-15 11:00:00,0.442
129165,2022-11-15 11:15:00,0.42
129166,2022-11-15 11:30:00,0.501
129167,2022-11-15 11:45:00,0.499
129168,2022-11-15 12:00:00,0.378
129169,2022-11-15 12:15:00,0.369
129170,2022-11-15 12:30:00,0.398
129171,2022-11-15 12:45:00,0.388
129172,2022-11-15 13:00:00,0.372
129173,2022-11-15 13:15:00,0.329
129174,2022-11-15 13:30:00,0.303
129175,2022-11-15 13:45:00,0.277
129176,2022-11-15 14:00:00,0.303
129177,2022-11-15 14:15:00,0.276
129178,2022-11-15 14:30:00,0.193
129179,2022-11-15 14:45:00,0.178
129180,2022-11-15 15:00:00,0.145
129181,2022-11-15 15:15:00,0.142
129182,2022-11-15 15:30:00,0.084
129183,2022-11-15 15:45:00,0.06
129184,2022-11-15 16:00:00,0.034
129185,2022-11-15 16:15:00,0.003
129186,2022-11-15 16:30:00,0.001
129187,2022-11-15 16:45:00,0.0
129188,2022-11-15 17:00:00,
129189,2022-11-15 17:15:00,
129190,2022-11-15 17:30:00,
129191,2022-11-15 17:45:00,
129192,2022-11-15 18:00:00,
129193,2022-11-15 18:15:00,
129194,2022-11-15 18:30:00,
129195,2022-11-15 18:45:00,0.0
129196,2022-11-15 19:00:00,
129197,2022-11-15 19:15:00,
129198,2022-11-15 19:30:00,
129199,2022-11-15 19:45:00,
129200,2022-11-15 20:00:00,
129201,2022-11-15 20:15:00,
129202,2022-11-15 20:30:00,
129203,2022-11-15 20:45:00,
129204,2022-11-15 21:00:00,
129205,2022-11-15 21:15:00,
129206,2022-11-15 21:30:00,
129207,2022-11-15 21:45:00,
129208,2022-11-15 22:00:00,
129209,2022-11-15 22:15:00,
129210,2022-11-15 22:30:00,
129211,2022-11-15 22:45:00,
129212,2022-11-15 23:00:00,
129213,2022-11-15 23:15:00,
129214,2022-11-15 23:30:00,
129215,2022-11-15 23:45:00,
129216,2022-11-16 00:00:00,
129217,2022-11-16 00:15:00,
129218,2022-11-16 00:30:00,
129219,2022-11-16 00:45:00,
129220,2022-11-16 01:00:00,
129221,2022-11-16 01:15:00,
129222,2022-11-16 01:30:00,
129223,2022-11-16 01:45:00,
129224,2022-11-16 02:00:00,
129225,2022-11-16 02:15:00,
129226,2022-11-16 02:30:00,
129227,2022-11-16 02:45:00,
129228,2022-11-16 03:00:00,
129229,2022-11-16 03:15:00,
129230,2022-11-16 03:30:00,
129231,2022-11-16 03:45:00,
129232,2022-11-16 04:00:00,
129233,2022-11-16 04:15:00,
129234,2022-11-16 04:30:00,
129235,2022-11-16 04:45:00,0.0
129236,2022-11-16 05:00:00,
129237,2022-11-16 05:15:00,
129238,2022-11-16 05:30:00,
129239,2022-11-16 05:45:00,
129240,2022-11-16 06:00:00,
129241,2022-11-16 06:15:00,
129242,2022-11-16 06:30:00,
129243,2022-11-16 06:45:00,
129244,2022-11-16 07:00:00,
129245,2022-11-16 07:15:00,
129246,2022-11-16 07:30:00,0.0
129247,2022-11-16 07:45:00,0.003
129248,2022-11-16 08:00:00,0.011
129249,2022-11-16 08:15:00,0.007
129250,2022-11-16 08:30:00,0.006
129251,2022-11-16 08:45:00,0.002
129252,2022-11-16 09:00:00,0.005
129253,2022-11-16 09:15:00,0.028
129254,2022-11-16 09:30:00,0.046
129255,2022-11-16 09:45:00,0.166
129256,2022-11-16 10:00:00,0.327
129257,2022-11-16 10:15:00,0.448
129258,2022-11-16 10:30:00,0.479
129259,2022-11-16 10:45:00,0.462
129260,2022-11-16 11:00:00,0.31
129261,2022-11-16 11:15:00,0.234
129262,2022-11-16 11:30:00,0.155
129263,2022-11-16 11:45:00,0.396
129264,2022-11-16 12:00:00,0.751
129265,2022-11-16 12:15:00,0.376
129266,2022-11-16 12:30:00,0.571
129267,2022-11-16 12:45:00,0.368
129268,2022-11-16 13:00:00,0.848
129269,2022-11-16 13:15:00,1.178
129270,2022-11-16 13:30:00,0.644
129271,2022-11-16 13:45:00,0.955
129272,2022-11-16 14:00:00,1.18
129273,2022-11-16 14:15:00,0.919
129274,2022-11-16 14:30:00,1.037
129275,2022-11-16 14:45:00,0.96
129276,2022-11-16 15:00:00,0.667
129277,2022-11-16 15:15:00,0.748
129278,2022-11-16 15:30:00,0.554
129279,2022-11-16 15:45:00,0.223
129280,2022-11-16 16:00:00,0.076
129281,2022-11-16 16:15:00,0.014
129282,2022-11-16 16:30:00,0.006
129283,2022-11-16 16:45:00,0.001
129284,2022-11-16 17:00:00,0.0
129285,2022-11-16 17:15:00,
129286,2022-11-16 17:30:00,
129287,2022-11-16 17:45:00,
129288,2022-11-16 18:00:00,
129289,2022-11-16 18:15:00,
129290,2022-11-16 18:30:00,
129291,2022-11-16 18:45:00,
129292,2022-11-16 19:00:00,0.0
129293,2022-11-16 19:15:00,
129294,2022-11-16 19:30:00,
129295,2022-11-16 19:45:00,
129296,2022-11-16 20:00:00,
129297,2022-11-16 20:15:00,
129298,2022-11-16 20:30:00,
129299,2022-11-16 20:45:00,
129300,2022-11-16 21:00:00,
129301,2022-11-16 21:15:00,
129302,2022-11-16 21:30:00,
129303,2022-11-16 21:45:00,
129304,2022-11-16 22:00:00,
129305,2022-11-16 22:15:00,
129306,2022-11-16 22:30:00,
129307,2022-11-16 22:45:00,
129308,2022-11-16 23:00:00,
129309,2022-11-16 23:15:00,
129310,2022-11-16 23:30:00,
129311,2022-11-16 23:45:00,
129312,2022-11-17 00:00:00,
129313,2022-11-17 00:15:00,
129314,2022-11-17 00:30:00,
129315,2022-11-17 00:45:00,
129316,2022-11-17 01:00:00,
129317,2022-11-17 01:15:00,
129318,2022-11-17 01:30:00,
129319,2022-11-17 01:45:00,
129320,2022-11-17 02:00:00,
129321,2022-11-17 02:15:00,
129322,2022-11-17 02:30:00,
129323,2022-11-17 02:45:00,
129324,2022-11-17 03:00:00,
129325,2022-11-17 03:15:00,
129326,2022-11-17 03:30:00,
129327,2022-11-17 03:45:00,
129328,2022-11-17 04:00:00,
129329,2022-11-17 04:15:00,
129330,2022-11-17 04:30:00,
129331,2022-11-17 04:45:00,
129332,2022-11-17 05:00:00,0.0
129333,2022-11-17 05:15:00,
129334,2022-11-17 05:30:00,
129335,2022-11-17 05:45:00,
129336,2022-11-17 06:00:00,
129337,2022-11-17 06:15:00,
129338,2022-11-17 06:30:00,
129339,2022-11-17 06:45:00,
129340,2022-11-17 07:00:00,
129341,2022-11-17 07:15:00,0.0
129342,2022-11-17 07:30:00,0.0
129343,2022-11-17 07:45:00,0.004
129344,2022-11-17 08:00:00,0.016
129345,2022-11-17 08:15:00,0.025
129346,2022-11-17 08:30:00,0.035
129347,2022-11-17 08:45:00,0.081
129348,2022-11-17 09:00:00,0.209
129349,2022-11-17 09:15:00,0.296
129350,2022-11-17 09:30:00,0.683
129351,2022-11-17 09:45:00,0.387
129352,2022-11-17 10:00:00,0.313
129353,2022-11-17 10:15:00,0.155
129354,2022-11-17 10:30:00,0.214
129355,2022-11-17 10:45:00,0.254
129356,2022-11-17 11:00:00,0.277
129357,2022-11-17 11:15:00,0.282
129358,2022-11-17 11:30:00,0.548
129359,2022-11-17 11:45:00,0.498
129360,2022-11-17 12:00:00,0.287
129361,2022-11-17 12:15:00,0.725
129362,2022-11-17 12:30:00,0.628
129363,2022-11-17 12:45:00,0.627
129364,2022-11-17 13:00:00,0.385
129365,2022-11-17 13:15:00,0.234
129366,2022-11-17 13:30:00,0.285
129367,2022-11-17 13:45:00,0.323
129368,2022-11-17 14:00:00,0.137
129369,2022-11-17 14:15:00,0.759
129370,2022-11-17 14:30:00,0.712
129371,2022-11-17 14:45:00,0.436
129372,2022-11-17 15:00:00,0.085
129373,2022-11-17 15:15:00,0.04
129374,2022-11-17 15:30:00,0.028
129375,2022-11-17 15:45:00,0.01
129376,2022-11-17 16:00:00,0.003
129377,2022-11-17 16:15:00,0.0
129378,2022-11-17 16:30:00,0.002
129379,2022-11-17 16:45:00,0.001
129380,2022-11-17 17:00:00,0.0
129381,2022-11-17 17:15:00,
129382,2022-11-17 17:30:00,
129383,2022-11-17 17:45:00,
129384,2022-11-17 18:00:00,
129385,2022-11-17 18:15:00,
129386,2022-11-17 18:30:00,
129387,2022-11-17 18:45:00,0.0
129388,2022-11-17 19:00:00,
129389,2022-11-17 19:15:00,
129390,2022-11-17 19:30:00,
129391,2022-11-17 19:45:00,
129392,2022-11-17 20:00:00,
129393,2022-11-17 20:15:00,
129394,2022-11-17 20:30:00,
129395,2022-11-17 20:45:00,
129396,2022-11-17 21:00:00,
129397,2022-11-17 21:15:00,
129398,2022-11-17 21:30:00,
129399,2022-11-17 21:45:00,
129400,2022-11-17 22:00:00,
129401,2022-11-17 22:15:00,
129402,2022-11-17 22:30:00,
129403,2022-11-17 22:45:00,
129404,2022-11-17 23:00:00,
129405,2022-11-17 23:15:00,
129406,2022-11-17 23:30:00,
129407,2022-11-17 23:45:00,
129408,2022-11-18 00:00:00,
129409,2022-11-18 00:15:00,
129410,2022-11-18 00:30:00,
129411,2022-11-18 00:45:00,
129412,2022-11-18 01:00:00,
129413,2022-11-18 01:15:00,
129414,2022-11-18 01:30:00,
129415,2022-11-18 01:45:00,
129416,2022-11-18 02:00:00,
129417,2022-11-18 02:15:00,
129418,2022-11-18 02:30:00,
129419,2022-11-18 02:45:00,
129420,2022-11-18 03:00:00,
129421,2022-11-18 03:15:00,
129422,2022-11-18 03:30:00,
129423,2022-11-18 03:45:00,
129424,2022-11-18 04:00:00,
129425,2022-11-18 04:15:00,
129426,2022-11-18 04:30:00,
129427,2022-11-18 04:45:00,0.0
129428,2022-11-18 05:00:00,
129429,2022-11-18 05:15:00,
129430,2022-11-18 05:30:00,
129431,2022-11-18 05:45:00,
129432,2022-11-18 06:00:00,
129433,2022-11-18 06:15:00,
129434,2022-11-18 06:30:00,
129435,2022-11-18 06:45:00,
129436,2022-11-18 07:00:00,
129437,2022-11-18 07:15:00,
129438,2022-11-18 07:30:00,0.0
129439,2022-11-18 07:45:00,0.0
129440,2022-11-18 08:00:00,0.0
129441,2022-11-18 08:15:00,0.0
129442,2022-11-18 08:30:00,0.01
129443,2022-11-18 08:45:00,0.002
129444,2022-11-18 09:00:00,0.033
129445,2022-11-18 09:15:00,0.118
129446,2022-11-18 09:30:00,0.211
129447,2022-11-18 09:45:00,0.301
129448,2022-11-18 10:00:00,0.128
129449,2022-11-18 10:15:00,0.057
129450,2022-11-18 10:30:00,0.133
129451,2022-11-18 10:45:00,0.268
129452,2022-11-18 11:00:00,0.317
129453,2022-11-18 11:15:00,0.29
129454,2022-11-18 11:30:00,0.231
129455,2022-11-18 11:45:00,0.166
129456,2022-11-18 12:00:00,0.125
129457,2022-11-18 12:15:00,0.202
129458,2022-11-18 12:30:00,0.073
129459,2022-11-18 12:45:00,0.069
129460,2022-11-18 13:00:00,0.376
129461,2022-11-18 13:15:00,0.23
129462,2022-11-18 13:30:00,0.154
129463,2022-11-18 13:45:00,0.093
129464,2022-11-18 14:00:00,0.273
129465,2022-11-18 14:15:00,0.674
129466,2022-11-18 14:30:00,0.363
129467,2022-11-18 14:45:00,0.021
129468,2022-11-18 15:00:00,0.05
129469,2022-11-18 15:15:00,0.164
129470,2022-11-18 15:30:00,0.159
129471,2022-11-18 15:45:00,0.036
129472,2022-11-18 16:00:00,0.009
129473,2022-11-18 16:15:00,0.003
129474,2022-11-18 16:30:00,0.001
129475,2022-11-18 16:45:00,0.0
129476,2022-11-18 17:00:00,0.0
129477,2022-11-18 17:15:00,
129478,2022-11-18 17:30:00,
129479,2022-11-18 17:45:00,
129480,2022-11-18 18:00:00,
129481,2022-11-18 18:15:00,
129482,2022-11-18 18:30:00,
129483,2022-11-18 18:45:00,0.0
129484,2022-11-18 19:00:00,
129485,2022-11-18 19:15:00,
129486,2022-11-18 19:30:00,
129487,2022-11-18 19:45:00,
129488,2022-11-18 20:00:00,
129489,2022-11-18 20:15:00,
129490,2022-11-18 20:30:00,
129491,2022-11-18 20:45:00,
129492,2022-11-18 21:00:00,
129493,2022-11-18 21:15:00,
129494,2022-11-18 21:30:00,
129495,2022-11-18 21:45:00,
129496,2022-11-18 22:00:00,
129497,2022-11-18 22:15:00,
129498,2022-11-18 22:30:00,
129499,2022-11-18 22:45:00,
129500,2022-11-18 23:00:00,
129501,2022-11-18 23:15:00,
129502,2022-11-18 23:30:00,
129503,2022-11-18 23:45:00,
129504,2022-11-19 00:00:00,
129505,2022-11-19 00:15:00,
129506,2022-11-19 00:30:00,
129507,2022-11-19 00:45:00,
129508,2022-11-19 01:00:00,
129509,2022-11-19 01:15:00,
129510,2022-11-19 01:30:00,
129511,2022-11-19 01:45:00,
129512,2022-11-19 02:00:00,
129513,2022-11-19 02:15:00,
129514,2022-11-19 02:30:00,
129515,2022-11-19 02:45:00,
129516,2022-11-19 03:00:00,
129517,2022-11-19 03:15:00,
129518,2022-11-19 03:30:00,
129519,2022-11-19 03:45:00,
129520,2022-11-19 04:00:00,
129521,2022-11-19 04:15:00,
129522,2022-11-19 04:30:00,
129523,2022-11-19 04:45:00,0.0
129524,2022-11-19 05:00:00,
129525,2022-11-19 05:15:00,
129526,2022-11-19 05:30:00,
129527,2022-11-19 05:45:00,
129528,2022-11-19 06:00:00,
129529,2022-11-19 06:15:00,
129530,2022-11-19 06:30:00,
129531,2022-11-19 06:45:00,
129532,2022-11-19 07:00:00,
129533,2022-11-19 07:15:00,0.0
129534,2022-11-19 07:30:00,0.0
129535,2022-11-19 07:45:00,0.003
129536,2022-11-19 08:00:00,0.017
129537,2022-11-19 08:15:00,0.025
129538,2022-11-19 08:30:00,0.048
129539,2022-11-19 08:45:00,0.092
129540,2022-11-19 09:00:00,0.126
129541,2022-11-19 09:15:00,0.154
129542,2022-11-19 09:30:00,0.302
129543,2022-11-19 09:45:00,0.65
129544,2022-11-19 10:00:00,0.709
129545,2022-11-19 10:15:00,0.496
129546,2022-11-19 10:30:00,0.553
129547,2022-11-19 10:45:00,0.523
129548,2022-11-19 11:00:00,1.187
129549,2022-11-19 11:15:00,0.65
129550,2022-11-19 11:30:00,0.355
129551,2022-11-19 11:45:00,0.187
129552,2022-11-19 12:00:00,0.098
129553,2022-11-19 12:15:00,0.115
129554,2022-11-19 12:30:00,0.188
129555,2022-11-19 12:45:00,0.396
129556,2022-11-19 13:00:00,0.577
129557,2022-11-19 13:15:00,1.201
129558,2022-11-19 13:30:00,0.827
129559,2022-11-19 13:45:00,0.797
129560,2022-11-19 14:00:00,0.238
129561,2022-11-19 14:15:00,0.319
129562,2022-11-19 14:30:00,0.72
129563,2022-11-19 14:45:00,0.603
129564,2022-11-19 15:00:00,0.476
129565,2022-11-19 15:15:00,0.379
129566,2022-11-19 15:30:00,0.285
129567,2022-11-19 15:45:00,0.034
129568,2022-11-19 16:00:00,0.025
129569,2022-11-19 16:15:00,0.002
129570,2022-11-19 16:30:00,0.001
129571,2022-11-19 16:45:00,0.0
129572,2022-11-19 17:00:00,0.0
129573,2022-11-19 17:15:00,
129574,2022-11-19 17:30:00,
129575,2022-11-19 17:45:00,
129576,2022-11-19 18:00:00,
129577,2022-11-19 18:15:00,
129578,2022-11-19 18:30:00,
129579,2022-11-19 18:45:00,0.0
129580,2022-11-19 19:00:00,
129581,2022-11-19 19:15:00,
129582,2022-11-19 19:30:00,
129583,2022-11-19 19:45:00,
129584,2022-11-19 20:00:00,
129585,2022-11-19 20:15:00,
129586,2022-11-19 20:30:00,
129587,2022-11-19 20:45:00,
129588,2022-11-19 21:00:00,
129589,2022-11-19 21:15:00,
129590,2022-11-19 21:30:00,
129591,2022-11-19 21:45:00,
129592,2022-11-19 22:00:00,
129593,2022-11-19 22:15:00,
129594,2022-11-19 22:30:00,
129595,2022-11-19 22:45:00,
129596,2022-11-19 23:00:00,
129597,2022-11-19 23:15:00,
129598,2022-11-19 23:30:00,
129599,2022-11-19 23:45:00,
129600,2022-11-20 00:00:00,
129601,2022-11-20 00:15:00,
129602,2022-11-20 00:30:00,
129603,2022-11-20 00:45:00,
129604,2022-11-20 01:00:00,
129605,2022-11-20 01:15:00,
129606,2022-11-20 01:30:00,
129607,2022-11-20 01:45:00,
129608,2022-11-20 02:00:00,
129609,2022-11-20 02:15:00,
129610,2022-11-20 02:30:00,
129611,2022-11-20 02:45:00,
129612,2022-11-20 03:00:00,
129613,2022-11-20 03:15:00,
129614,2022-11-20 03:30:00,
129615,2022-11-20 03:45:00,
129616,2022-11-20 04:00:00,
129617,2022-11-20 04:15:00,
129618,2022-11-20 04:30:00,
129619,2022-11-20 04:45:00,0.0
129620,2022-11-20 05:00:00,
129621,2022-11-20 05:15:00,
129622,2022-11-20 05:30:00,
129623,2022-11-20 05:45:00,
129624,2022-11-20 06:00:00,
129625,2022-11-20 06:15:00,
129626,2022-11-20 06:30:00,
129627,2022-11-20 06:45:00,
129628,2022-11-20 07:00:00,
129629,2022-11-20 07:15:00,
129630,2022-11-20 07:30:00,0.0
129631,2022-11-20 07:45:00,0.0
129632,2022-11-20 08:00:00,0.0
129633,2022-11-20 08:15:00,0.009
129634,2022-11-20 08:30:00,0.035
129635,2022-11-20 08:45:00,0.095
129636,2022-11-20 09:00:00,0.106
129637,2022-11-20 09:15:00,0.081
129638,2022-11-20 09:30:00,0.239
129639,2022-11-20 09:45:00,0.308
129640,2022-11-20 10:00:00,0.231
129641,2022-11-20 10:15:00,0.49
129642,2022-11-20 10:30:00,0.409
129643,2022-11-20 10:45:00,0.323
129644,2022-11-20 11:00:00,0.308
129645,2022-11-20 11:15:00,0.464
129646,2022-11-20 11:30:00,0.566
129647,2022-11-20 11:45:00,0.421
129648,2022-11-20 12:00:00,0.239
129649,2022-11-20 12:15:00,0.425
129650,2022-11-20 12:30:00,0.47
129651,2022-11-20 12:45:00,1.182
129652,2022-11-20 13:00:00,0.557
129653,2022-11-20 13:15:00,0.661
129654,2022-11-20 13:30:00,0.499
129655,2022-11-20 13:45:00,0.34
129656,2022-11-20 14:00:00,0.228
129657,2022-11-20 14:15:00,0.248
129658,2022-11-20 14:30:00,0.372
129659,2022-11-20 14:45:00,0.851
129660,2022-11-20 15:00:00,0.862
129661,2022-11-20 15:15:00,0.607
129662,2022-11-20 15:30:00,0.553
129663,2022-11-20 15:45:00,0.304
129664,2022-11-20 16:00:00,0.121
129665,2022-11-20 16:15:00,0.039
129666,2022-11-20 16:30:00,0.002
129667,2022-11-20 16:45:00,0.0
129668,2022-11-20 17:00:00,
129669,2022-11-20 17:15:00,
129670,2022-11-20 17:30:00,
129671,2022-11-20 17:45:00,
129672,2022-11-20 18:00:00,
129673,2022-11-20 18:15:00,
129674,2022-11-20 18:30:00,
129675,2022-11-20 18:45:00,0.0
129676,2022-11-20 19:00:00,
129677,2022-11-20 19:15:00,
129678,2022-11-20 19:30:00,
129679,2022-11-20 19:45:00,
129680,2022-11-20 20:00:00,
129681,2022-11-20 20:15:00,
129682,2022-11-20 20:30:00,
129683,2022-11-20 20:45:00,
129684,2022-11-20 21:00:00,
129685,2022-11-20 21:15:00,
129686,2022-11-20 21:30:00,
129687,2022-11-20 21:45:00,
129688,2022-11-20 22:00:00,
129689,2022-11-20 22:15:00,
129690,2022-11-20 22:30:00,
129691,2022-11-20 22:45:00,
129692,2022-11-20 23:00:00,
129693,2022-11-20 23:15:00,
129694,2022-11-20 23:30:00,
129695,2022-11-20 23:45:00,
129696,2022-11-21 00:00:00,
129697,2022-11-21 00:15:00,
129698,2022-11-21 00:30:00,
129699,2022-11-21 00:45:00,
129700,2022-11-21 01:00:00,
129701,2022-11-21 01:15:00,
129702,2022-11-21 01:30:00,
129703,2022-11-21 01:45:00,
129704,2022-11-21 02:00:00,
129705,2022-11-21 02:15:00,
129706,2022-11-21 02:30:00,
129707,2022-11-21 02:45:00,
129708,2022-11-21 03:00:00,
129709,2022-11-21 03:15:00,
129710,2022-11-21 03:30:00,
129711,2022-11-21 03:45:00,
129712,2022-11-21 04:00:00,
129713,2022-11-21 04:15:00,
129714,2022-11-21 04:30:00,
129715,2022-11-21 04:45:00,0.0
129716,2022-11-21 05:00:00,
129717,2022-11-21 05:15:00,
129718,2022-11-21 05:30:00,
129719,2022-11-21 05:45:00,
129720,2022-11-21 06:00:00,
129721,2022-11-21 06:15:00,
129722,2022-11-21 06:30:00,
129723,2022-11-21 06:45:00,
129724,2022-11-21 07:00:00,
129725,2022-11-21 07:15:00,
129726,2022-11-21 07:30:00,0.0
129727,2022-11-21 07:45:00,0.0
129728,2022-11-21 08:00:00,0.003
129729,2022-11-21 08:15:00,0.024
129730,2022-11-21 08:30:00,0.025
129731,2022-11-21 08:45:00,0.025
129732,2022-11-21 09:00:00,0.113
129733,2022-11-21 09:15:00,0.343
129734,2022-11-21 09:30:00,0.392
129735,2022-11-21 09:45:00,0.354
129736,2022-11-21 10:00:00,0.533
129737,2022-11-21 10:15:00,0.637
129738,2022-11-21 10:30:00,0.524
129739,2022-11-21 10:45:00,1.241
129740,2022-11-21 11:00:00,0.818
129741,2022-11-21 11:15:00,1.052
129742,2022-11-21 11:30:00,0.936
129743,2022-11-21 11:45:00,0.948
129744,2022-11-21 12:00:00,0.943
129745,2022-11-21 12:15:00,1.181
129746,2022-11-21 12:30:00,1.212
129747,2022-11-21 12:45:00,1.038
129748,2022-11-21 13:00:00,0.91
129749,2022-11-21 13:15:00,0.686
129750,2022-11-21 13:30:00,0.606
129751,2022-11-21 13:45:00,0.703
129752,2022-11-21 14:00:00,0.68
129753,2022-11-21 14:15:00,0.49
129754,2022-11-21 14:30:00,0.62
129755,2022-11-21 14:45:00,0.629
129756,2022-11-21 15:00:00,0.269
129757,2022-11-21 15:15:00,0.199
129758,2022-11-21 15:30:00,0.171
129759,2022-11-21 15:45:00,0.11
129760,2022-11-21 16:00:00,0.056
129761,2022-11-21 16:15:00,0.009
129762,2022-11-21 16:30:00,0.002
129763,2022-11-21 16:45:00,0.0
129764,2022-11-21 17:00:00,
129765,2022-11-21 17:15:00,
129766,2022-11-21 17:30:00,
129767,2022-11-21 17:45:00,
129768,2022-11-21 18:00:00,
129769,2022-11-21 18:15:00,
129770,2022-11-21 18:30:00,
129771,2022-11-21 18:45:00,0.0
129772,2022-11-21 19:00:00,
129773,2022-11-21 19:15:00,
129774,2022-11-21 19:30:00,
129775,2022-11-21 19:45:00,
129776,2022-11-21 20:00:00,
129777,2022-11-21 20:15:00,
129778,2022-11-21 20:30:00,
129779,2022-11-21 20:45:00,
129780,2022-11-21 21:00:00,
129781,2022-11-21 21:15:00,
129782,2022-11-21 21:30:00,
129783,2022-11-21 21:45:00,
129784,2022-11-21 22:00:00,
129785,2022-11-21 22:15:00,
129786,2022-11-21 22:30:00,
129787,2022-11-21 22:45:00,
129788,2022-11-21 23:00:00,
129789,2022-11-21 23:15:00,
129790,2022-11-21 23:30:00,
129791,2022-11-21 23:45:00,
129792,2022-11-22 00:00:00,
129793,2022-11-22 00:15:00,
129794,2022-11-22 00:30:00,
129795,2022-11-22 00:45:00,
129796,2022-11-22 01:00:00,
129797,2022-11-22 01:15:00,
129798,2022-11-22 01:30:00,
129799,2022-11-22 01:45:00,
129800,2022-11-22 02:00:00,
129801,2022-11-22 02:15:00,
129802,2022-11-22 02:30:00,
129803,2022-11-22 02:45:00,
129804,2022-11-22 03:00:00,
129805,2022-11-22 03:15:00,
129806,2022-11-22 03:30:00,
129807,2022-11-22 03:45:00,
129808,2022-11-22 04:00:00,
129809,2022-11-22 04:15:00,
129810,2022-11-22 04:30:00,
129811,2022-11-22 04:45:00,0.0
129812,2022-11-22 05:00:00,
129813,2022-11-22 05:15:00,
129814,2022-11-22 05:30:00,
129815,2022-11-22 05:45:00,
129816,2022-11-22 06:00:00,
129817,2022-11-22 06:15:00,
129818,2022-11-22 06:30:00,
129819,2022-11-22 06:45:00,
129820,2022-11-22 07:00:00,
129821,2022-11-22 07:15:00,
129822,2022-11-22 07:30:00,
129823,2022-11-22 07:45:00,0.0
129824,2022-11-22 08:00:00,0.0
129825,2022-11-22 08:15:00,0.003
129826,2022-11-22 08:30:00,0.015
129827,2022-11-22 08:45:00,0.026
129828,2022-11-22 09:00:00,0.043
129829,2022-11-22 09:15:00,0.034
129830,2022-11-22 09:30:00,0.037
129831,2022-11-22 09:45:00,0.036
129832,2022-11-22 10:00:00,0.035
129833,2022-11-22 10:15:00,0.111
129834,2022-11-22 10:30:00,0.211
129835,2022-11-22 10:45:00,0.237
129836,2022-11-22 11:00:00,0.216
129837,2022-11-22 11:15:00,0.196
129838,2022-11-22 11:30:00,0.24
129839,2022-11-22 11:45:00,0.269
129840,2022-11-22 12:00:00,0.287
129841,2022-11-22 12:15:00,0.317
129842,2022-11-22 12:30:00,0.421
129843,2022-11-22 12:45:00,0.426
129844,2022-11-22 13:00:00,0.355
129845,2022-11-22 13:15:00,0.337
129846,2022-11-22 13:30:00,0.276
129847,2022-11-22 13:45:00,0.208
129848,2022-11-22 14:00:00,0.136
129849,2022-11-22 14:15:00,0.065
129850,2022-11-22 14:30:00,0.053
129851,2022-11-22 14:45:00,0.155
129852,2022-11-22 15:00:00,0.073
129853,2022-11-22 15:15:00,0.127
129854,2022-11-22 15:30:00,0.085
129855,2022-11-22 15:45:00,0.034
129856,2022-11-22 16:00:00,0.009
129857,2022-11-22 16:15:00,0.005
129858,2022-11-22 16:30:00,0.001
129859,2022-11-22 16:45:00,0.0
129860,2022-11-22 17:00:00,
129861,2022-11-22 17:15:00,
129862,2022-11-22 17:30:00,
129863,2022-11-22 17:45:00,
129864,2022-11-22 18:00:00,
129865,2022-11-22 18:15:00,
129866,2022-11-22 18:30:00,
129867,2022-11-22 18:45:00,0.0
129868,2022-11-22 19:00:00,
129869,2022-11-22 19:15:00,
129870,2022-11-22 19:30:00,
129871,2022-11-22 19:45:00,
129872,2022-11-22 20:00:00,
129873,2022-11-22 20:15:00,
129874,2022-11-22 20:30:00,
129875,2022-11-22 20:45:00,
129876,2022-11-22 21:00:00,
129877,2022-11-22 21:15:00,
129878,2022-11-22 21:30:00,
129879,2022-11-22 21:45:00,
129880,2022-11-22 22:00:00,
129881,2022-11-22 22:15:00,
129882,2022-11-22 22:30:00,
129883,2022-11-22 22:45:00,
129884,2022-11-22 23:00:00,
129885,2022-11-22 23:15:00,
129886,2022-11-22 23:30:00,
129887,2022-11-22 23:45:00,
129888,2022-11-23 00:00:00,
129889,2022-11-23 00:15:00,
129890,2022-11-23 00:30:00,
129891,2022-11-23 00:45:00,
129892,2022-11-23 01:00:00,
129893,2022-11-23 01:15:00,
129894,2022-11-23 01:30:00,
129895,2022-11-23 01:45:00,
129896,2022-11-23 02:00:00,
129897,2022-11-23 02:15:00,
129898,2022-11-23 02:30:00,
129899,2022-11-23 02:45:00,
129900,2022-11-23 03:00:00,
129901,2022-11-23 03:15:00,
129902,2022-11-23 03:30:00,
129903,2022-11-23 03:45:00,
129904,2022-11-23 04:00:00,
129905,2022-11-23 04:15:00,
129906,2022-11-23 04:30:00,
129907,2022-11-23 04:45:00,0.0
129908,2022-11-23 05:00:00,
129909,2022-11-23 05:15:00,
129910,2022-11-23 05:30:00,
129911,2022-11-23 05:45:00,
129912,2022-11-23 06:00:00,
129913,2022-11-23 06:15:00,
129914,2022-11-23 06:30:00,
129915,2022-11-23 06:45:00,
129916,2022-11-23 07:00:00,
129917,2022-11-23 07:15:00,0.0
129918,2022-11-23 07:30:00,0.0
129919,2022-11-23 07:45:00,0.002
129920,2022-11-23 08:00:00,0.009
129921,2022-11-23 08:15:00,0.017
129922,2022-11-23 08:30:00,0.027
129923,2022-11-23 08:45:00,0.039
129924,2022-11-23 09:00:00,0.054
129925,2022-11-23 09:15:00,0.067
129926,2022-11-23 09:30:00,0.134
129927,2022-11-23 09:45:00,0.373
129928,2022-11-23 10:00:00,0.642
129929,2022-11-23 10:15:00,0.774
129930,2022-11-23 10:30:00,0.871
129931,2022-11-23 10:45:00,0.938
129932,2022-11-23 11:00:00,0.965
129933,2022-11-23 11:15:00,1.029
129934,2022-11-23 11:30:00,1.055
129935,2022-11-23 11:45:00,1.049
129936,2022-11-23 12:00:00,1.076
129937,2022-11-23 12:15:00,1.103
129938,2022-11-23 12:30:00,1.085
129939,2022-11-23 12:45:00,1.08
129940,2022-11-23 13:00:00,1.098
129941,2022-11-23 13:15:00,1.034
129942,2022-11-23 13:30:00,1.009
129943,2022-11-23 13:45:00,0.954
129944,2022-11-23 14:00:00,0.95
129945,2022-11-23 14:15:00,0.541
129946,2022-11-23 14:30:00,0.361
129947,2022-11-23 14:45:00,0.238
129948,2022-11-23 15:00:00,0.127
129949,2022-11-23 15:15:00,0.16
129950,2022-11-23 15:30:00,0.099
129951,2022-11-23 15:45:00,0.052
129952,2022-11-23 16:00:00,0.023
129953,2022-11-23 16:15:00,0.004
129954,2022-11-23 16:30:00,0.0
129955,2022-11-23 16:45:00,0.0
129956,2022-11-23 17:00:00,
129957,2022-11-23 17:15:00,
129958,2022-11-23 17:30:00,
129959,2022-11-23 17:45:00,
129960,2022-11-23 18:00:00,
129961,2022-11-23 18:15:00,
129962,2022-11-23 18:30:00,0.0
129963,2022-11-23 18:45:00,
129964,2022-11-23 19:00:00,
129965,2022-11-23 19:15:00,
129966,2022-11-23 19:30:00,
129967,2022-11-23 19:45:00,
129968,2022-11-23 20:00:00,
129969,2022-11-23 20:15:00,
129970,2022-11-23 20:30:00,
129971,2022-11-23 20:45:00,
129972,2022-11-23 21:00:00,
129973,2022-11-23 21:15:00,
129974,2022-11-23 21:30:00,
129975,2022-11-23 21:45:00,
129976,2022-11-23 22:00:00,
129977,2022-11-23 22:15:00,
129978,2022-11-23 22:30:00,
129979,2022-11-23 22:45:00,
129980,2022-11-23 23:00:00,
129981,2022-11-23 23:15:00,
129982,2022-11-23 23:30:00,
129983,2022-11-23 23:45:00,
129984,2022-11-24 00:00:00,
129985,2022-11-24 00:15:00,
129986,2022-11-24 00:30:00,
129987,2022-11-24 00:45:00,
129988,2022-11-24 01:00:00,
129989,2022-11-24 01:15:00,
129990,2022-11-24 01:30:00,
129991,2022-11-24 01:45:00,
129992,2022-11-24 02:00:00,
129993,2022-11-24 02:15:00,
129994,2022-11-24 02:30:00,
129995,2022-11-24 02:45:00,
129996,2022-11-24 03:00:00,
129997,2022-11-24 03:15:00,
129998,2022-11-24 03:30:00,
129999,2022-11-24 03:45:00,
130000,2022-11-24 04:00:00,
130001,2022-11-24 04:15:00,
130002,2022-11-24 04:30:00,0.0
130003,2022-11-24 04:45:00,
130004,2022-11-24 05:00:00,
130005,2022-11-24 05:15:00,
130006,2022-11-24 05:30:00,
130007,2022-11-24 05:45:00,
130008,2022-11-24 06:00:00,
130009,2022-11-24 06:15:00,
130010,2022-11-24 06:30:00,
130011,2022-11-24 06:45:00,
130012,2022-11-24 07:00:00,
130013,2022-11-24 07:15:00,
130014,2022-11-24 07:30:00,0.0
130015,2022-11-24 07:45:00,0.007
130016,2022-11-24 08:00:00,0.008
130017,2022-11-24 08:15:00,0.051
130018,2022-11-24 08:30:00,0.051
130019,2022-11-24 08:45:00,0.079
130020,2022-11-24 09:00:00,0.196
130021,2022-11-24 09:15:00,0.039
130022,2022-11-24 09:30:00,0.002
130023,2022-11-24 09:45:00,0.02
130024,2022-11-24 10:00:00,0.04
130025,2022-11-24 10:15:00,0.038
130026,2022-11-24 10:30:00,0.149
130027,2022-11-24 10:45:00,0.11
130028,2022-11-24 11:00:00,0.331
130029,2022-11-24 11:15:00,0.181
130030,2022-11-24 11:30:00,0.327
130031,2022-11-24 11:45:00,0.285
130032,2022-11-24 12:00:00,0.246
130033,2022-11-24 12:15:00,0.146
130034,2022-11-24 12:30:00,0.127
130035,2022-11-24 12:45:00,0.149
130036,2022-11-24 13:00:00,0.191
130037,2022-11-24 13:15:00,0.548
130038,2022-11-24 13:30:00,0.651
130039,2022-11-24 13:45:00,0.848
130040,2022-11-24 14:00:00,1.19
130041,2022-11-24 14:15:00,1.03
130042,2022-11-24 14:30:00,0.866
130043,2022-11-24 14:45:00,0.773
130044,2022-11-24 15:00:00,0.754
130045,2022-11-24 15:15:00,0.706
130046,2022-11-24 15:30:00,0.446
130047,2022-11-24 15:45:00,0.214
130048,2022-11-24 16:00:00,0.077
130049,2022-11-24 16:15:00,0.002
130050,2022-11-24 16:30:00,0.001
130051,2022-11-24 16:45:00,0.0
130052,2022-11-24 17:00:00,
130053,2022-11-24 17:15:00,
130054,2022-11-24 17:30:00,
130055,2022-11-24 17:45:00,
130056,2022-11-24 18:00:00,
130057,2022-11-24 18:15:00,
130058,2022-11-24 18:30:00,
130059,2022-11-24 18:45:00,0.0
130060,2022-11-24 19:00:00,
130061,2022-11-24 19:15:00,
130062,2022-11-24 19:30:00,
130063,2022-11-24 19:45:00,
130064,2022-11-24 20:00:00,
130065,2022-11-24 20:15:00,
130066,2022-11-24 20:30:00,
130067,2022-11-24 20:45:00,
130068,2022-11-24 21:00:00,
130069,2022-11-24 21:15:00,
130070,2022-11-24 21:30:00,
130071,2022-11-24 21:45:00,
130072,2022-11-24 22:00:00,
130073,2022-11-24 22:15:00,
130074,2022-11-24 22:30:00,
130075,2022-11-24 22:45:00,
130076,2022-11-24 23:00:00,
130077,2022-11-24 23:15:00,
130078,2022-11-24 23:30:00,
130079,2022-11-24 23:45:00,
130080,2022-11-25 00:00:00,
130081,2022-11-25 00:15:00,
130082,2022-11-25 00:30:00,
130083,2022-11-25 00:45:00,
130084,2022-11-25 01:00:00,
130085,2022-11-25 01:15:00,
130086,2022-11-25 01:30:00,
130087,2022-11-25 01:45:00,
130088,2022-11-25 02:00:00,
130089,2022-11-25 02:15:00,
130090,2022-11-25 02:30:00,
130091,2022-11-25 02:45:00,
130092,2022-11-25 03:00:00,
130093,2022-11-25 03:15:00,
130094,2022-11-25 03:30:00,
130095,2022-11-25 03:45:00,
130096,2022-11-25 04:00:00,
130097,2022-11-25 04:15:00,
130098,2022-11-25 04:30:00,
130099,2022-11-25 04:45:00,0.0
130100,2022-11-25 05:00:00,
130101,2022-11-25 05:15:00,
130102,2022-11-25 05:30:00,
130103,2022-11-25 05:45:00,
130104,2022-11-25 06:00:00,
130105,2022-11-25 06:15:00,
130106,2022-11-25 06:30:00,
130107,2022-11-25 06:45:00,
130108,2022-11-25 07:00:00,
130109,2022-11-25 07:15:00,
130110,2022-11-25 07:30:00,0.0
130111,2022-11-25 07:45:00,0.0
130112,2022-11-25 08:00:00,0.01
130113,2022-11-25 08:15:00,0.024
130114,2022-11-25 08:30:00,0.036
130115,2022-11-25 08:45:00,0.04
130116,2022-11-25 09:00:00,0.057
130117,2022-11-25 09:15:00,0.111
130118,2022-11-25 09:30:00,0.211
130119,2022-11-25 09:45:00,0.413
130120,2022-11-25 10:00:00,0.248
130121,2022-11-25 10:15:00,0.265
130122,2022-11-25 10:30:00,0.274
130123,2022-11-25 10:45:00,0.157
130124,2022-11-25 11:00:00,0.251
130125,2022-11-25 11:15:00,0.229
130126,2022-11-25 11:30:00,0.198
130127,2022-11-25 11:45:00,0.241
130128,2022-11-25 12:00:00,0.187
130129,2022-11-25 12:15:00,0.311
130130,2022-11-25 12:30:00,0.263
130131,2022-11-25 12:45:00,0.14
130132,2022-11-25 13:00:00,0.156
130133,2022-11-25 13:15:00,0.114
130134,2022-11-25 13:30:00,0.135
130135,2022-11-25 13:45:00,0.148
130136,2022-11-25 14:00:00,0.105
130137,2022-11-25 14:15:00,0.106
130138,2022-11-25 14:30:00,0.063
130139,2022-11-25 14:45:00,0.021
130140,2022-11-25 15:00:00,0.032
130141,2022-11-25 15:15:00,0.036
130142,2022-11-25 15:30:00,0.003
130143,2022-11-25 15:45:00,0.008
130144,2022-11-25 16:00:00,0.005
130145,2022-11-25 16:15:00,0.001
130146,2022-11-25 16:30:00,0.0
130147,2022-11-25 16:45:00,0.0
130148,2022-11-25 17:00:00,
130149,2022-11-25 17:15:00,
130150,2022-11-25 17:30:00,
130151,2022-11-25 17:45:00,
130152,2022-11-25 18:00:00,
130153,2022-11-25 18:15:00,
130154,2022-11-25 18:30:00,0.0
130155,2022-11-25 18:45:00,
130156,2022-11-25 19:00:00,
130157,2022-11-25 19:15:00,
130158,2022-11-25 19:30:00,
130159,2022-11-25 19:45:00,
130160,2022-11-25 20:00:00,
130161,2022-11-25 20:15:00,
130162,2022-11-25 20:30:00,
130163,2022-11-25 20:45:00,
130164,2022-11-25 21:00:00,
130165,2022-11-25 21:15:00,
130166,2022-11-25 21:30:00,
130167,2022-11-25 21:45:00,
130168,2022-11-25 22:00:00,
130169,2022-11-25 22:15:00,
130170,2022-11-25 22:30:00,
130171,2022-11-25 22:45:00,
130172,2022-11-25 23:00:00,
130173,2022-11-25 23:15:00,
130174,2022-11-25 23:30:00,
130175,2022-11-25 23:45:00,
130176,2022-11-26 00:00:00,
130177,2022-11-26 00:15:00,
130178,2022-11-26 00:30:00,
130179,2022-11-26 00:45:00,
130180,2022-11-26 01:00:00,
130181,2022-11-26 01:15:00,
130182,2022-11-26 01:30:00,
130183,2022-11-26 01:45:00,
130184,2022-11-26 02:00:00,
130185,2022-11-26 02:15:00,
130186,2022-11-26 02:30:00,
130187,2022-11-26 02:45:00,
130188,2022-11-26 03:00:00,
130189,2022-11-26 03:15:00,
130190,2022-11-26 03:30:00,
130191,2022-11-26 03:45:00,
130192,2022-11-26 04:00:00,
130193,2022-11-26 04:15:00,
130194,2022-11-26 04:30:00,0.0
130195,2022-11-26 04:45:00,
130196,2022-11-26 05:00:00,
130197,2022-11-26 05:15:00,
130198,2022-11-26 05:30:00,
130199,2022-11-26 05:45:00,
130200,2022-11-26 06:00:00,
130201,2022-11-26 06:15:00,
130202,2022-11-26 06:30:00,
130203,2022-11-26 06:45:00,
130204,2022-11-26 07:00:00,
130205,2022-11-26 07:15:00,
130206,2022-11-26 07:30:00,0.0
130207,2022-11-26 07:45:00,0.0
130208,2022-11-26 08:00:00,0.01
130209,2022-11-26 08:15:00,0.024
130210,2022-11-26 08:30:00,0.051
130211,2022-11-26 08:45:00,0.108
130212,2022-11-26 09:00:00,0.322
130213,2022-11-26 09:15:00,0.366
130214,2022-11-26 09:30:00,0.356
130215,2022-11-26 09:45:00,0.378
130216,2022-11-26 10:00:00,0.57
130217,2022-11-26 10:15:00,0.362
130218,2022-11-26 10:30:00,0.435
130219,2022-11-26 10:45:00,0.212
130220,2022-11-26 11:00:00,0.265
130221,2022-11-26 11:15:00,0.198
130222,2022-11-26 11:30:00,0.177
130223,2022-11-26 11:45:00,0.194
130224,2022-11-26 12:00:00,0.335
130225,2022-11-26 12:15:00,0.226
130226,2022-11-26 12:30:00,0.436
130227,2022-11-26 12:45:00,1.161
130228,2022-11-26 13:00:00,1.025
130229,2022-11-26 13:15:00,0.545
130230,2022-11-26 13:30:00,1.222
130231,2022-11-26 13:45:00,1.055
130232,2022-11-26 14:00:00,0.324
130233,2022-11-26 14:15:00,0.2
130234,2022-11-26 14:30:00,0.41
130235,2022-11-26 14:45:00,0.609
130236,2022-11-26 15:00:00,0.594
130237,2022-11-26 15:15:00,0.571
130238,2022-11-26 15:30:00,0.377
130239,2022-11-26 15:45:00,0.311
130240,2022-11-26 16:00:00,0.111
130241,2022-11-26 16:15:00,0.014
130242,2022-11-26 16:30:00,0.001
130243,2022-11-26 16:45:00,0.0
130244,2022-11-26 17:00:00,
130245,2022-11-26 17:15:00,
130246,2022-11-26 17:30:00,
130247,2022-11-26 17:45:00,
130248,2022-11-26 18:00:00,
130249,2022-11-26 18:15:00,
130250,2022-11-26 18:30:00,
130251,2022-11-26 18:45:00,0.0
130252,2022-11-26 19:00:00,
130253,2022-11-26 19:15:00,
130254,2022-11-26 19:30:00,
130255,2022-11-26 19:45:00,
130256,2022-11-26 20:00:00,
130257,2022-11-26 20:15:00,
130258,2022-11-26 20:30:00,
130259,2022-11-26 20:45:00,
130260,2022-11-26 21:00:00,
130261,2022-11-26 21:15:00,
130262,2022-11-26 21:30:00,
130263,2022-11-26 21:45:00,
130264,2022-11-26 22:00:00,
130265,2022-11-26 22:15:00,
130266,2022-11-26 22:30:00,
130267,2022-11-26 22:45:00,
130268,2022-11-26 23:00:00,
130269,2022-11-26 23:15:00,
130270,2022-11-26 23:30:00,
130271,2022-11-26 23:45:00,
130272,2022-11-27 00:00:00,
130273,2022-11-27 00:15:00,
130274,2022-11-27 00:30:00,
130275,2022-11-27 00:45:00,
130276,2022-11-27 01:00:00,
130277,2022-11-27 01:15:00,
130278,2022-11-27 01:30:00,
130279,2022-11-27 01:45:00,
130280,2022-11-27 02:00:00,
130281,2022-11-27 02:15:00,
130282,2022-11-27 02:30:00,
130283,2022-11-27 02:45:00,
130284,2022-11-27 03:00:00,
130285,2022-11-27 03:15:00,
130286,2022-11-27 03:30:00,
130287,2022-11-27 03:45:00,
130288,2022-11-27 04:00:00,
130289,2022-11-27 04:15:00,
130290,2022-11-27 04:30:00,
130291,2022-11-27 04:45:00,0.0
130292,2022-11-27 05:00:00,
130293,2022-11-27 05:15:00,
130294,2022-11-27 05:30:00,
130295,2022-11-27 05:45:00,
130296,2022-11-27 06:00:00,
130297,2022-11-27 06:15:00,
130298,2022-11-27 06:30:00,
130299,2022-11-27 06:45:00,
130300,2022-11-27 07:00:00,
130301,2022-11-27 07:15:00,
130302,2022-11-27 07:30:00,0.0
130303,2022-11-27 07:45:00,0.002
130304,2022-11-27 08:00:00,0.018
130305,2022-11-27 08:15:00,0.061
130306,2022-11-27 08:30:00,0.141
130307,2022-11-27 08:45:00,0.219
130308,2022-11-27 09:00:00,0.261
130309,2022-11-27 09:15:00,0.267
130310,2022-11-27 09:30:00,0.243
130311,2022-11-27 09:45:00,0.307
130312,2022-11-27 10:00:00,0.416
130313,2022-11-27 10:15:00,0.627
130314,2022-11-27 10:30:00,0.676
130315,2022-11-27 10:45:00,0.764
130316,2022-11-27 11:00:00,1.07
130317,2022-11-27 11:15:00,1.163
130318,2022-11-27 11:30:00,1.11
130319,2022-11-27 11:45:00,0.655
130320,2022-11-27 12:00:00,0.567
130321,2022-11-27 12:15:00,0.562
130322,2022-11-27 12:30:00,0.62
130323,2022-11-27 12:45:00,0.628
130324,2022-11-27 13:00:00,0.577
130325,2022-11-27 13:15:00,0.643
130326,2022-11-27 13:30:00,1.058
130327,2022-11-27 13:45:00,1.121
130328,2022-11-27 14:00:00,0.63
130329,2022-11-27 14:15:00,0.585
130330,2022-11-27 14:30:00,0.62
130331,2022-11-27 14:45:00,0.186
130332,2022-11-27 15:00:00,0.19
130333,2022-11-27 15:15:00,0.212
130334,2022-11-27 15:30:00,0.108
130335,2022-11-27 15:45:00,0.052
130336,2022-11-27 16:00:00,0.02
130337,2022-11-27 16:15:00,0.003
130338,2022-11-27 16:30:00,0.0
130339,2022-11-27 16:45:00,0.0
130340,2022-11-27 17:00:00,
130341,2022-11-27 17:15:00,
130342,2022-11-27 17:30:00,
130343,2022-11-27 17:45:00,
130344,2022-11-27 18:00:00,
130345,2022-11-27 18:15:00,
130346,2022-11-27 18:30:00,0.0
130347,2022-11-27 18:45:00,
130348,2022-11-27 19:00:00,
130349,2022-11-27 19:15:00,
130350,2022-11-27 19:30:00,
130351,2022-11-27 19:45:00,
130352,2022-11-27 20:00:00,
130353,2022-11-27 20:15:00,
130354,2022-11-27 20:30:00,
130355,2022-11-27 20:45:00,
130356,2022-11-27 21:00:00,
130357,2022-11-27 21:15:00,
130358,2022-11-27 21:30:00,
130359,2022-11-27 21:45:00,
130360,2022-11-27 22:00:00,
130361,2022-11-27 22:15:00,
130362,2022-11-27 22:30:00,
130363,2022-11-27 22:45:00,
130364,2022-11-27 23:00:00,
130365,2022-11-27 23:15:00,
130366,2022-11-27 23:30:00,
130367,2022-11-27 23:45:00,
130368,2022-11-28 00:00:00,
130369,2022-11-28 00:15:00,
130370,2022-11-28 00:30:00,
130371,2022-11-28 00:45:00,
130372,2022-11-28 01:00:00,
130373,2022-11-28 01:15:00,
130374,2022-11-28 01:30:00,
130375,2022-11-28 01:45:00,
130376,2022-11-28 02:00:00,
130377,2022-11-28 02:15:00,
130378,2022-11-28 02:30:00,
130379,2022-11-28 02:45:00,
130380,2022-11-28 03:00:00,
130381,2022-11-28 03:15:00,
130382,2022-11-28 03:30:00,
130383,2022-11-28 03:45:00,
130384,2022-11-28 04:00:00,
130385,2022-11-28 04:15:00,
130386,2022-11-28 04:30:00,0.0
130387,2022-11-28 04:45:00,
130388,2022-11-28 05:00:00,
130389,2022-11-28 05:15:00,
130390,2022-11-28 05:30:00,
130391,2022-11-28 05:45:00,
130392,2022-11-28 06:00:00,
130393,2022-11-28 06:15:00,
130394,2022-11-28 06:30:00,
130395,2022-11-28 06:45:00,
130396,2022-11-28 07:00:00,
130397,2022-11-28 07:15:00,
130398,2022-11-28 07:30:00,
130399,2022-11-28 07:45:00,0.0
130400,2022-11-28 08:00:00,0.0
130401,2022-11-28 08:15:00,0.01
130402,2022-11-28 08:30:00,0.038
130403,2022-11-28 08:45:00,0.072
130404,2022-11-28 09:00:00,0.12
130405,2022-11-28 09:15:00,0.149
130406,2022-11-28 09:30:00,0.142
130407,2022-11-28 09:45:00,0.116
130408,2022-11-28 10:00:00,0.11
130409,2022-11-28 10:15:00,0.137
130410,2022-11-28 10:30:00,0.166
130411,2022-11-28 10:45:00,0.177
130412,2022-11-28 11:00:00,0.203
130413,2022-11-28 11:15:00,0.265
130414,2022-11-28 11:30:00,0.284
130415,2022-11-28 11:45:00,0.286
130416,2022-11-28 12:00:00,0.304
130417,2022-11-28 12:15:00,0.42
130418,2022-11-28 12:30:00,0.443
130419,2022-11-28 12:45:00,0.474
130420,2022-11-28 13:00:00,0.348
130421,2022-11-28 13:15:00,0.27
130422,2022-11-28 13:30:00,0.197
130423,2022-11-28 13:45:00,0.237
130424,2022-11-28 14:00:00,0.245
130425,2022-11-28 14:15:00,0.259
130426,2022-11-28 14:30:00,0.204
130427,2022-11-28 14:45:00,0.157
130428,2022-11-28 15:00:00,0.112
130429,2022-11-28 15:15:00,0.062
130430,2022-11-28 15:30:00,0.051
130431,2022-11-28 15:45:00,0.018
130432,2022-11-28 16:00:00,0.01
130433,2022-11-28 16:15:00,0.005
130434,2022-11-28 16:30:00,0.001
130435,2022-11-28 16:45:00,0.0
130436,2022-11-28 17:00:00,
130437,2022-11-28 17:15:00,
130438,2022-11-28 17:30:00,
130439,2022-11-28 17:45:00,
130440,2022-11-28 18:00:00,
130441,2022-11-28 18:15:00,
130442,2022-11-28 18:30:00,0.0
130443,2022-11-28 18:45:00,
130444,2022-11-28 19:00:00,
130445,2022-11-28 19:15:00,
130446,2022-11-28 19:30:00,
130447,2022-11-28 19:45:00,
130448,2022-11-28 20:00:00,
130449,2022-11-28 20:15:00,
130450,2022-11-28 20:30:00,
130451,2022-11-28 20:45:00,
130452,2022-11-28 21:00:00,
130453,2022-11-28 21:15:00,
130454,2022-11-28 21:30:00,
130455,2022-11-28 21:45:00,
130456,2022-11-28 22:00:00,
130457,2022-11-28 22:15:00,
130458,2022-11-28 22:30:00,
130459,2022-11-28 22:45:00,
130460,2022-11-28 23:00:00,
130461,2022-11-28 23:15:00,
130462,2022-11-28 23:30:00,
130463,2022-11-28 23:45:00,
130464,2022-11-29 00:00:00,
130465,2022-11-29 00:15:00,
130466,2022-11-29 00:30:00,
130467,2022-11-29 00:45:00,
130468,2022-11-29 01:00:00,
130469,2022-11-29 01:15:00,
130470,2022-11-29 01:30:00,
130471,2022-11-29 01:45:00,
130472,2022-11-29 02:00:00,
130473,2022-11-29 02:15:00,
130474,2022-11-29 02:30:00,
130475,2022-11-29 02:45:00,
130476,2022-11-29 03:00:00,
130477,2022-11-29 03:15:00,
130478,2022-11-29 03:30:00,
130479,2022-11-29 03:45:00,
130480,2022-11-29 04:00:00,
130481,2022-11-29 04:15:00,
130482,2022-11-29 04:30:00,0.0
130483,2022-11-29 04:45:00,
130484,2022-11-29 05:00:00,
130485,2022-11-29 05:15:00,
130486,2022-11-29 05:30:00,
130487,2022-11-29 05:45:00,
130488,2022-11-29 06:00:00,
130489,2022-11-29 06:15:00,
130490,2022-11-29 06:30:00,
130491,2022-11-29 06:45:00,
130492,2022-11-29 07:00:00,
130493,2022-11-29 07:15:00,
130494,2022-11-29 07:30:00,
130495,2022-11-29 07:45:00,0.0
130496,2022-11-29 08:00:00,0.0
130497,2022-11-29 08:15:00,0.005
130498,2022-11-29 08:30:00,0.016
130499,2022-11-29 08:45:00,0.032
130500,2022-11-29 09:00:00,0.052
130501,2022-11-29 09:15:00,0.048
130502,2022-11-29 09:30:00,0.105
130503,2022-11-29 09:45:00,0.129
130504,2022-11-29 10:00:00,0.112
130505,2022-11-29 10:15:00,0.104
130506,2022-11-29 10:30:00,0.102
130507,2022-11-29 10:45:00,0.106
130508,2022-11-29 11:00:00,0.161
130509,2022-11-29 11:15:00,0.185
130510,2022-11-29 11:30:00,0.189
130511,2022-11-29 11:45:00,0.157
130512,2022-11-29 12:00:00,0.189
130513,2022-11-29 12:15:00,0.218
130514,2022-11-29 12:30:00,0.211
130515,2022-11-29 12:45:00,0.167
130516,2022-11-29 13:00:00,0.156
130517,2022-11-29 13:15:00,0.167
130518,2022-11-29 13:30:00,0.21
130519,2022-11-29 13:45:00,0.241
130520,2022-11-29 14:00:00,0.219
130521,2022-11-29 14:15:00,0.192
130522,2022-11-29 14:30:00,0.158
130523,2022-11-29 14:45:00,0.136
130524,2022-11-29 15:00:00,0.09
130525,2022-11-29 15:15:00,0.072
130526,2022-11-29 15:30:00,0.044
130527,2022-11-29 15:45:00,0.019
130528,2022-11-29 16:00:00,0.004
130529,2022-11-29 16:15:00,0.001
130530,2022-11-29 16:30:00,0.0
130531,2022-11-29 16:45:00,
130532,2022-11-29 17:00:00,
130533,2022-11-29 17:15:00,
130534,2022-11-29 17:30:00,
130535,2022-11-29 17:45:00,
130536,2022-11-29 18:00:00,
130537,2022-11-29 18:15:00,
130538,2022-11-29 18:30:00,0.0
130539,2022-11-29 18:45:00,
130540,2022-11-29 19:00:00,
130541,2022-11-29 19:15:00,
130542,2022-11-29 19:30:00,
130543,2022-11-29 19:45:00,
130544,2022-11-29 20:00:00,
130545,2022-11-29 20:15:00,
130546,2022-11-29 20:30:00,
130547,2022-11-29 20:45:00,
130548,2022-11-29 21:00:00,
130549,2022-11-29 21:15:00,
130550,2022-11-29 21:30:00,
130551,2022-11-29 21:45:00,
130552,2022-11-29 22:00:00,
130553,2022-11-29 22:15:00,
130554,2022-11-29 22:30:00,
130555,2022-11-29 22:45:00,
130556,2022-11-29 23:00:00,
130557,2022-11-29 23:15:00,
130558,2022-11-29 23:30:00,
130559,2022-11-29 23:45:00,
130560,2022-11-30 00:00:00,
130561,2022-11-30 00:15:00,
130562,2022-11-30 00:30:00,
130563,2022-11-30 00:45:00,
130564,2022-11-30 01:00:00,
130565,2022-11-30 01:15:00,
130566,2022-11-30 01:30:00,
130567,2022-11-30 01:45:00,
130568,2022-11-30 02:00:00,
130569,2022-11-30 02:15:00,
130570,2022-11-30 02:30:00,
130571,2022-11-30 02:45:00,
130572,2022-11-30 03:00:00,
130573,2022-11-30 03:15:00,
130574,2022-11-30 03:30:00,
130575,2022-11-30 03:45:00,
130576,2022-11-30 04:00:00,
130577,2022-11-30 04:15:00,
130578,2022-11-30 04:30:00,0.0
130579,2022-11-30 04:45:00,
130580,2022-11-30 05:00:00,
130581,2022-11-30 05:15:00,
130582,2022-11-30 05:30:00,
130583,2022-11-30 05:45:00,
130584,2022-11-30 06:00:00,
130585,2022-11-30 06:15:00,
130586,2022-11-30 06:30:00,
130587,2022-11-30 06:45:00,
130588,2022-11-30 07:00:00,
130589,2022-11-30 07:15:00,
130590,2022-11-30 07:30:00,
130591,2022-11-30 07:45:00,
130592,2022-11-30 08:00:00,0.0
130593,2022-11-30 08:15:00,0.0
130594,2022-11-30 08:30:00,0.0
130595,2022-11-30 08:45:00,0.003
130596,2022-11-30 09:00:00,0.015
130597,2022-11-30 09:15:00,0.02
130598,2022-11-30 09:30:00,0.017
130599,2022-11-30 09:45:00,0.033
130600,2022-11-30 10:00:00,0.043
130601,2022-11-30 10:15:00,0.088
130602,2022-11-30 10:30:00,0.149
130603,2022-11-30 10:45:00,0.141
130604,2022-11-30 11:00:00,0.136
130605,2022-11-30 11:15:00,0.17
130606,2022-11-30 11:30:00,0.137
130607,2022-11-30 11:45:00,0.142
130608,2022-11-30 12:00:00,0.123
130609,2022-11-30 12:15:00,0.066
130610,2022-11-30 12:30:00,0.082
130611,2022-11-30 12:45:00,0.074
130612,2022-11-30 13:00:00,0.074
130613,2022-11-30 13:15:00,0.064
130614,2022-11-30 13:30:00,0.036
130615,2022-11-30 13:45:00,0.081
130616,2022-11-30 14:00:00,0.061
130617,2022-11-30 14:15:00,0.059
130618,2022-11-30 14:30:00,0.092
130619,2022-11-30 14:45:00,0.03
130620,2022-11-30 15:00:00,0.02
130621,2022-11-30 15:15:00,0.016
130622,2022-11-30 15:30:00,0.009
130623,2022-11-30 15:45:00,0.002
130624,2022-11-30 16:00:00,0.0
130625,2022-11-30 16:15:00,0.0
130626,2022-11-30 16:30:00,0.0
130627,2022-11-30 16:45:00,0.0
130628,2022-11-30 17:00:00,
130629,2022-11-30 17:15:00,
130630,2022-11-30 17:30:00,
130631,2022-11-30 17:45:00,
130632,2022-11-30 18:00:00,
130633,2022-11-30 18:15:00,
130634,2022-11-30 18:30:00,
130635,2022-11-30 18:45:00,0.0
130636,2022-11-30 19:00:00,
130637,2022-11-30 19:15:00,
130638,2022-11-30 19:30:00,
130639,2022-11-30 19:45:00,
130640,2022-11-30 20:00:00,
130641,2022-11-30 20:15:00,
130642,2022-11-30 20:30:00,
130643,2022-11-30 20:45:00,
130644,2022-11-30 21:00:00,
130645,2022-11-30 21:15:00,
130646,2022-11-30 21:30:00,
130647,2022-11-30 21:45:00,
130648,2022-11-30 22:00:00,
130649,2022-11-30 22:15:00,
130650,2022-11-30 22:30:00,
130651,2022-11-30 22:45:00,
130652,2022-11-30 23:00:00,
130653,2022-11-30 23:15:00,
130654,2022-11-30 23:30:00,
130655,2022-11-30 23:45:00,
