,DateTime,rr_SMA,ss_SMA,dd_SMA,ff_SMA
0,2022-11-01 00:00:00+00:00,0.0,0.0,171.3333333,2.0
1,2022-11-01 00:30:00+00:00,0.0,0.0,230.3333333,1.6
2,2022-11-01 01:00:00+00:00,0.0,0.0,183.6666667,2.766666667
3,2022-11-01 01:30:00+00:00,0.0,0.0,265.0,1.9
4,2022-11-01 02:00:00+00:00,0.0,0.0,119.6666667,0.966666667
5,2022-11-01 02:30:00+00:00,0.0,0.0,163.0,1.7
6,2022-11-01 03:00:00+00:00,0.0,0.0,211.6666667,2.133333333
7,2022-11-01 03:30:00+00:00,0.0,0.0,207.0,3.733333333
8,2022-11-01 04:00:00+00:00,0.0,0.0,281.3333333,5.666666667
9,2022-11-01 04:30:00+00:00,0.0,0.0,294.0,4.433333333
10,2022-11-01 05:00:00+00:00,0.0,0.0,267.6666667,14.03333333
11,2022-11-01 05:30:00+00:00,0.0,0.0,249.3333333,25.8
12,2022-11-01 06:00:00+00:00,0.0,0.0,257.6666667,21.26666667
13,2022-11-01 06:30:00+00:00,0.0,0.0,275.3333333,8.3
14,2022-11-01 07:00:00+00:00,0.0,0.0,236.0,6.0
15,2022-11-01 07:30:00+00:00,0.0,0.0,245.6666667,8.0
16,2022-11-01 08:00:00+00:00,0.0,0.0,238.6666667,7.066666667
17,2022-11-01 08:30:00+00:00,0.0,0.0,219.3333333,6.233333333
18,2022-11-01 09:00:00+00:00,0.0,0.0,199.6666667,10.33333333
19,2022-11-01 09:30:00+00:00,0.0,0.0,210.3333333,9.833333333
20,2022-11-01 10:00:00+00:00,0.0,0.0,183.6666667,11.26666667
21,2022-11-01 10:30:00+00:00,0.0,0.0,211.6666667,13.9
22,2022-11-01 11:00:00+00:00,0.0,0.0,227.0,8.866666667
23,2022-11-01 11:30:00+00:00,0.0,0.0,242.6666667,11.9
24,2022-11-01 12:00:00+00:00,0.0,0.0,253.6666667,12.26666667
25,2022-11-01 12:30:00+00:00,0.0,0.0,233.3333333,10.93333333
26,2022-11-01 13:00:00+00:00,0.0,0.0,261.3333333,8.433333333
27,2022-11-01 13:30:00+00:00,0.0,21.0,210.3333333,6.6
28,2022-11-01 14:00:00+00:00,0.0,12.0,221.3333333,5.633333333
29,2022-11-01 14:30:00+00:00,0.0,10.0,234.0,6.5
30,2022-11-01 15:00:00+00:00,0.0,0.0,223.3333333,6.933333333
31,2022-11-01 15:30:00+00:00,0.0,0.0,242.3333333,7.933333333
32,2022-11-01 16:00:00+00:00,0.0,3.0,251.0,7.433333333
33,2022-11-01 16:30:00+00:00,0.0,0.0,274.0,6.6
34,2022-11-01 17:00:00+00:00,0.0,0.0,275.0,5.5
35,2022-11-01 17:30:00+00:00,0.0,0.0,285.3333333,7.066666667
36,2022-11-01 18:00:00+00:00,0.0,0.0,286.6666667,5.033333333
37,2022-11-01 18:30:00+00:00,0.0,0.0,213.3333333,3.1
38,2022-11-01 19:00:00+00:00,0.0,0.0,221.6666667,2.533333333
39,2022-11-01 19:30:00+00:00,0.0,0.0,261.6666667,1.566666667
40,2022-11-01 20:00:00+00:00,0.0,0.0,105.0,2.0
41,2022-11-01 20:30:00+00:00,0.0,0.0,137.6666667,1.933333333
42,2022-11-01 21:00:00+00:00,0.0,0.0,91.66666667,2.4
43,2022-11-01 21:30:00+00:00,0.0,0.0,227.0,1.1
44,2022-11-01 22:00:00+00:00,0.0,0.0,223.0,2.766666667
45,2022-11-01 22:30:00+00:00,0.0,0.0,156.3333333,0.966666667
46,2022-11-01 23:00:00+00:00,0.0,0.0,267.6666667,1.933333333
47,2022-11-01 23:30:00+00:00,0.0,0.0,165.0,2.533333333
48,2022-11-02 00:00:00+00:00,0.0,0.0,235.6666667,4.3
49,2022-11-02 00:30:00+00:00,0.0,0.0,274.0,3.466666667
50,2022-11-02 01:00:00+00:00,0.0,0.0,276.0,4.3
51,2022-11-02 01:30:00+00:00,0.0,0.0,266.0,3.466666667
52,2022-11-02 02:00:00+00:00,0.0,0.0,307.0,2.433333333
53,2022-11-02 02:30:00+00:00,0.0,0.0,293.0,3.266666667
54,2022-11-02 03:00:00+00:00,0.0,0.0,342.0,3.6
55,2022-11-02 03:30:00+00:00,0.0,0.0,266.3333333,3.466666667
56,2022-11-02 04:00:00+00:00,0.0,0.0,175.6666667,4.333333333
57,2022-11-02 04:30:00+00:00,0.0,0.0,198.3333333,2.9
58,2022-11-02 05:00:00+00:00,0.0,0.0,199.6666667,3.966666667
59,2022-11-02 05:30:00+00:00,0.0,0.0,202.6666667,3.6
60,2022-11-02 06:00:00+00:00,0.0,0.0,226.0,1.433333333
61,2022-11-02 06:30:00+00:00,0.0,0.0,205.3333333,0.966666667
62,2022-11-02 07:00:00+00:00,0.0,0.0,204.0,1.833333333
63,2022-11-02 07:30:00+00:00,0.1,0.0,228.6666667,3.366666667
64,2022-11-02 08:00:00+00:00,0.2,0.0,227.0,6.733333333
65,2022-11-02 08:30:00+00:00,0.0,0.0,261.0,4.466666667
66,2022-11-02 09:00:00+00:00,0.0,0.0,261.3333333,5.733333333
67,2022-11-02 09:30:00+00:00,0.0,0.0,253.0,5.866666667
68,2022-11-02 10:00:00+00:00,0.0,1.0,266.0,6.7
69,2022-11-02 10:30:00+00:00,0.0,0.0,291.0,6.366666667
70,2022-11-02 11:00:00+00:00,0.0,0.0,298.3333333,7.066666667
71,2022-11-02 11:30:00+00:00,0.0,0.0,280.0,4.666666667
72,2022-11-02 12:00:00+00:00,0.0,0.0,187.6666667,3.0
73,2022-11-02 12:30:00+00:00,0.0,1.0,221.0,3.033333333
74,2022-11-02 13:00:00+00:00,0.0,6.0,185.0,2.9
75,2022-11-02 13:30:00+00:00,0.0,30.0,197.6666667,2.533333333
76,2022-11-02 14:00:00+00:00,0.0,30.0,52.66666667,4.666666667
77,2022-11-02 14:30:00+00:00,0.0,18.0,88.33333333,4.466666667
78,2022-11-02 15:00:00+00:00,0.0,12.0,68.33333333,6.133333333
79,2022-11-02 15:30:00+00:00,0.0,30.0,100.3333333,4.8
80,2022-11-02 16:00:00+00:00,0.0,26.0,60.66666667,4.066666667
81,2022-11-02 16:30:00+00:00,0.0,0.0,49.66666667,5.166666667
82,2022-11-02 17:00:00+00:00,0.0,0.0,44.66666667,5.8
83,2022-11-02 17:30:00+00:00,0.0,0.0,43.33333333,6.333333333
84,2022-11-02 18:00:00+00:00,0.0,0.0,53.66666667,7.666666667
85,2022-11-02 18:30:00+00:00,0.0,0.0,60.0,8.166666667
86,2022-11-02 19:00:00+00:00,0.0,0.0,67.33333333,4.3
87,2022-11-02 19:30:00+00:00,0.0,0.0,59.33333333,2.266666667
88,2022-11-02 20:00:00+00:00,0.0,0.0,47.0,1.666666667
89,2022-11-02 20:30:00+00:00,0.0,0.0,91.33333333,1.833333333
90,2022-11-02 21:00:00+00:00,0.0,0.0,83.66666667,2.766666667
91,2022-11-02 21:30:00+00:00,0.0,0.0,102.3333333,3.033333333
92,2022-11-02 22:00:00+00:00,0.0,0.0,271.0,1.433333333
93,2022-11-02 22:30:00+00:00,0.0,0.0,160.3333333,1.566666667
94,2022-11-02 23:00:00+00:00,0.0,0.0,139.0,1.333333333
95,2022-11-02 23:30:00+00:00,0.0,0.0,173.6666667,1.333333333
96,2022-11-03 00:00:00+00:00,0.0,0.0,227.0,0.733333333
97,2022-11-03 00:30:00+00:00,0.0,0.0,315.6666667,1.433333333
98,2022-11-03 01:00:00+00:00,0.0,0.0,58.0,0.966666667
99,2022-11-03 01:30:00+00:00,0.0,0.0,120.6666667,0.966666667
100,2022-11-03 02:00:00+00:00,0.0,0.0,268.6666667,1.8
101,2022-11-03 02:30:00+00:00,0.0,0.0,84.0,1.4
102,2022-11-03 03:00:00+00:00,0.0,0.0,108.6666667,1.566666667
103,2022-11-03 03:30:00+00:00,0.0,0.0,64.66666667,0.833333333
104,2022-11-03 04:00:00+00:00,0.0,0.0,97.66666667,0.966666667
105,2022-11-03 04:30:00+00:00,0.0,0.0,145.0,1.9
106,2022-11-03 05:00:00+00:00,0.0,0.0,167.6666667,3.233333333
107,2022-11-03 05:30:00+00:00,0.0,0.0,159.0,3.233333333
108,2022-11-03 06:00:00+00:00,0.0,0.0,186.6666667,2.866666667
109,2022-11-03 06:30:00+00:00,0.0,0.0,214.6666667,2.766666667
110,2022-11-03 07:00:00+00:00,0.0,0.0,190.6666667,1.933333333
111,2022-11-03 07:30:00+00:00,0.0,0.0,236.6666667,0.966666667
112,2022-11-03 08:00:00+00:00,0.0,0.0,163.5,1.45
113,2022-11-03 08:30:00+00:00,0.0,0.0,205.3333333,1.433333333
114,2022-11-03 09:00:00+00:00,0.0,0.0,247.3333333,2.866666667
115,2022-11-03 09:30:00+00:00,0.0,0.0,255.0,3.266666667
116,2022-11-03 10:00:00+00:00,0.0,1.0,288.6666667,4.2
117,2022-11-03 10:30:00+00:00,0.0,28.0,224.3333333,3.1
118,2022-11-03 11:00:00+00:00,0.0,26.0,203.6666667,3.5
119,2022-11-03 11:30:00+00:00,0.0,1.0,185.0,4.2
120,2022-11-03 12:00:00+00:00,0.0,0.0,216.6666667,3.866666667
121,2022-11-03 12:30:00+00:00,0.0,0.0,204.3333333,5.066666667
122,2022-11-03 13:00:00+00:00,0.0,0.0,209.6666667,5.166666667
123,2022-11-03 13:30:00+00:00,0.0,0.0,171.0,4.066666667
124,2022-11-03 14:00:00+00:00,0.0,0.0,198.0,3.233333333
125,2022-11-03 14:30:00+00:00,0.0,0.0,216.0,1.8
126,2022-11-03 15:00:00+00:00,0.0,0.0,29.0,4.566666667
127,2022-11-03 15:30:00+00:00,0.0,0.0,55.0,8.4
128,2022-11-03 16:00:00+00:00,0.0,0.0,53.0,9.1
129,2022-11-03 16:30:00+00:00,0.0,0.0,58.33333333,8.133333333
130,2022-11-03 17:00:00+00:00,0.0,0.0,188.6666667,4.566666667
131,2022-11-03 17:30:00+00:00,0.0,0.0,277.3333333,4.7
132,2022-11-03 18:00:00+00:00,0.0,0.0,148.3333333,4.566666667
133,2022-11-03 18:30:00+00:00,0.0,0.0,47.0,12.26666667
134,2022-11-03 19:00:00+00:00,0.0,0.0,56.0,8.733333333
135,2022-11-03 19:30:00+00:00,0.0,0.0,213.0,3.866666667
136,2022-11-03 20:00:00+00:00,0.0,0.0,244.0,6.866666667
137,2022-11-03 20:30:00+00:00,0.3,0.0,269.6666667,7.2
138,2022-11-03 21:00:00+00:00,0.5,0.0,271.0,6.366666667
139,2022-11-03 21:30:00+00:00,2.3,0.0,247.0,21.73333333
140,2022-11-03 22:00:00+00:00,1.1,0.0,240.6666667,20.5
141,2022-11-03 22:30:00+00:00,0.1,0.0,232.3333333,26.4
142,2022-11-03 23:00:00+00:00,0.0,0.0,222.6666667,24.86666667
143,2022-11-03 23:30:00+00:00,0.1,0.0,217.6666667,25.8
144,2022-11-04 00:00:00+00:00,0.0,0.0,210.6666667,20.03333333
145,2022-11-04 00:30:00+00:00,0.0,0.0,217.6666667,20.63333333
146,2022-11-04 01:00:00+00:00,0.0,0.0,228.6666667,18.56666667
147,2022-11-04 01:30:00+00:00,0.0,0.0,229.6666667,21.13333333
148,2022-11-04 02:00:00+00:00,0.0,0.0,230.3333333,17.4
149,2022-11-04 02:30:00+00:00,0.0,0.0,246.3333333,12.5
150,2022-11-04 03:00:00+00:00,0.0,0.0,248.3333333,13.3
151,2022-11-04 03:30:00+00:00,0.0,0.0,240.0,15.96666667
152,2022-11-04 04:00:00+00:00,0.0,0.0,238.0,11.4
153,2022-11-04 04:30:00+00:00,0.0,0.0,235.6666667,10.56666667
154,2022-11-04 05:00:00+00:00,0.0,0.0,238.6666667,8.433333333
155,2022-11-04 05:30:00+00:00,0.0,0.0,204.3333333,8.4
156,2022-11-04 06:00:00+00:00,0.0,0.0,224.0,7.9
157,2022-11-04 06:30:00+00:00,0.0,0.0,206.0,8.4
158,2022-11-04 07:00:00+00:00,0.0,0.0,226.3333333,7.933333333
159,2022-11-04 07:30:00+00:00,0.0,0.0,228.3333333,7.1
160,2022-11-04 08:00:00+00:00,0.0,0.0,222.3333333,5.633333333
161,2022-11-04 08:30:00+00:00,0.0,0.0,219.3333333,8.766666667
162,2022-11-04 09:00:00+00:00,0.0,0.0,202.3333333,8.666666667
163,2022-11-04 09:30:00+00:00,0.0,0.0,196.0,5.733333333
164,2022-11-04 10:00:00+00:00,0.0,0.0,197.3333333,5.733333333
165,2022-11-04 10:30:00+00:00,0.0,0.0,201.6666667,7.533333333
166,2022-11-04 11:00:00+00:00,0.0,0.0,254.6666667,5.666666667
167,2022-11-04 11:30:00+00:00,0.0,1.0,316.6666667,5.033333333
168,2022-11-04 12:00:00+00:00,0.0,0.0,305.3333333,5.266666667
169,2022-11-04 12:30:00+00:00,0.0,0.0,306.6666667,5.5
170,2022-11-04 13:00:00+00:00,0.0,9.0,238.0,3.966666667
171,2022-11-04 13:30:00+00:00,0.0,0.0,248.6666667,8.766666667
172,2022-11-04 14:00:00+00:00,0.0,0.0,290.0,5.633333333
173,2022-11-04 14:30:00+00:00,0.0,0.0,272.6666667,3.233333333
174,2022-11-04 15:00:00+00:00,0.0,0.0,305.0,4.433333333
175,2022-11-04 15:30:00+00:00,0.0,0.0,322.0,4.2
176,2022-11-04 16:00:00+00:00,0.0,0.0,319.6666667,2.666666667
177,2022-11-04 16:30:00+00:00,0.0,0.0,329.0,5.766666667
178,2022-11-04 17:00:00+00:00,0.0,0.0,329.6666667,3.366666667
179,2022-11-04 17:30:00+00:00,0.0,0.0,298.0,3.466666667
180,2022-11-04 18:00:00+00:00,0.0,0.0,267.0,8.866666667
181,2022-11-04 18:30:00+00:00,0.0,0.0,265.0,9.6
182,2022-11-04 19:00:00+00:00,0.0,0.0,265.0,10.33333333
183,2022-11-04 19:30:00+00:00,0.1,0.0,265.3333333,11.06666667
184,2022-11-04 20:00:00+00:00,0.3,0.0,257.6666667,8.866666667
185,2022-11-04 20:30:00+00:00,0.4,0.0,264.0,9.6
186,2022-11-04 21:00:00+00:00,0.0,0.0,244.3333333,8.633333333
187,2022-11-04 21:30:00+00:00,0.0,0.0,246.3333333,11.4
188,2022-11-04 22:00:00+00:00,0.0,0.0,249.0,11.9
189,2022-11-04 22:30:00+00:00,0.0,0.0,243.0,9.833333333
190,2022-11-04 23:00:00+00:00,0.0,0.0,240.6666667,8.766666667
191,2022-11-04 23:30:00+00:00,0.0,0.0,238.6666667,7.666666667
192,2022-11-05 00:00:00+00:00,0.0,0.0,231.3333333,9.833333333
193,2022-11-05 00:30:00+00:00,0.0,0.0,239.3333333,8.666666667
194,2022-11-05 01:00:00+00:00,0.0,0.0,234.6666667,6.933333333
195,2022-11-05 01:30:00+00:00,0.0,0.0,223.6666667,8.433333333
196,2022-11-05 02:00:00+00:00,0.0,0.0,221.3333333,9.366666667
197,2022-11-05 02:30:00+00:00,0.0,0.0,232.0,9.133333333
198,2022-11-05 03:00:00+00:00,0.0,0.0,227.6666667,9.366666667
199,2022-11-05 03:30:00+00:00,0.0,0.0,234.0,10.23333333
200,2022-11-05 04:00:00+00:00,0.0,0.0,224.3333333,9.1
201,2022-11-05 04:30:00+00:00,0.0,0.0,224.6666667,7.933333333
202,2022-11-05 05:00:00+00:00,0.1,0.0,221.3333333,7.666666667
203,2022-11-05 05:30:00+00:00,0.2,0.0,216.0,6.1
204,2022-11-05 06:00:00+00:00,0.2,0.0,221.6666667,7.2
205,2022-11-05 06:30:00+00:00,0.1,0.0,208.0,6.733333333
206,2022-11-05 07:00:00+00:00,0.1,0.0,234.3333333,7.2
207,2022-11-05 07:30:00+00:00,0.7,0.0,269.0,6.233333333
208,2022-11-05 08:00:00+00:00,1.0,0.0,283.3333333,5.733333333
209,2022-11-05 08:30:00+00:00,0.7,0.0,254.0,6.266666667
210,2022-11-05 09:00:00+00:00,0.7,0.0,231.6666667,4.8
211,2022-11-05 09:30:00+00:00,0.2,0.0,212.3333333,4.933333333
212,2022-11-05 10:00:00+00:00,0.3,0.0,202.0,4.433333333
213,2022-11-05 10:30:00+00:00,0.0,0.0,211.6666667,5.4
214,2022-11-05 11:00:00+00:00,0.0,0.0,234.3333333,4.666666667
215,2022-11-05 11:30:00+00:00,0.0,0.0,214.3333333,4.666666667
216,2022-11-05 12:00:00+00:00,0.0,0.0,242.0,6.333333333
217,2022-11-05 12:30:00+00:00,0.0,3.0,236.3333333,7.066666667
218,2022-11-05 13:00:00+00:00,0.0,0.0,194.0,8.4
219,2022-11-05 13:30:00+00:00,0.1,3.0,165.0,6.466666667
220,2022-11-05 14:00:00+00:00,3.5,0.0,258.3333333,5.533333333
221,2022-11-05 14:30:00+00:00,0.6,0.0,154.0,3.6
222,2022-11-05 15:00:00+00:00,0.0,0.0,107.3333333,1.7
223,2022-11-05 15:30:00+00:00,0.0,0.0,174.3333333,1.3
224,2022-11-05 16:00:00+00:00,0.0,1.0,112.3333333,0.833333333
225,2022-11-05 16:30:00+00:00,0.0,0.0,127.0,1.566666667
226,2022-11-05 17:00:00+00:00,0.0,0.0,106.6666667,2.5
227,2022-11-05 17:30:00+00:00,0.0,0.0,113.6666667,3.6
228,2022-11-05 18:00:00+00:00,0.0,0.0,122.6666667,2.866666667
229,2022-11-05 18:30:00+00:00,0.0,0.0,113.0,1.8
230,2022-11-05 19:00:00+00:00,0.0,0.0,82.66666667,0.4
231,2022-11-05 19:30:00+00:00,0.0,0.0,122.0,2.166666667
232,2022-11-05 20:00:00+00:00,0.0,0.0,105.6666667,1.8
233,2022-11-05 20:30:00+00:00,0.0,0.0,78.66666667,0.966666667
234,2022-11-05 21:00:00+00:00,0.0,0.0,78.66666667,0.733333333
235,2022-11-05 21:30:00+00:00,0.0,0.0,145.0,0.833333333
236,2022-11-05 22:00:00+00:00,0.0,0.0,127.6666667,2.866666667
237,2022-11-05 22:30:00+00:00,0.0,0.0,158.3333333,1.066666667
238,2022-11-05 23:00:00+00:00,0.1,0.0,56.66666667,0.4
239,2022-11-05 23:30:00+00:00,0.0,0.0,137.3333333,1.2
240,2022-11-06 00:00:00+00:00,0.0,0.0,107.0,1.4
241,2022-11-06 00:30:00+00:00,0.0,0.0,139.0,0.833333333
242,2022-11-06 01:00:00+00:00,0.0,0.0,118.6666667,4.066666667
243,2022-11-06 01:30:00+00:00,0.0,0.0,241.3333333,1.8
244,2022-11-06 02:00:00+00:00,0.0,0.0,327.6666667,2.166666667
245,2022-11-06 02:30:00+00:00,0.0,0.0,81.66666667,3.833333333
246,2022-11-06 03:00:00+00:00,0.0,0.0,87.66666667,1.466666667
247,2022-11-06 03:30:00+00:00,0.0,0.0,53.33333333,3.233333333
248,2022-11-06 04:00:00+00:00,0.0,0.0,48.66666667,9.466666667
249,2022-11-06 04:30:00+00:00,0.0,0.0,49.66666667,9.966666667
250,2022-11-06 05:00:00+00:00,0.0,0.0,62.0,7.2
251,2022-11-06 05:30:00+00:00,0.0,0.0,56.66666667,8.666666667
252,2022-11-06 06:00:00+00:00,0.0,0.0,133.3333333,3.133333333
253,2022-11-06 06:30:00+00:00,0.0,0.0,50.33333333,5.033333333
254,2022-11-06 07:00:00+00:00,0.0,0.0,47.33333333,5.033333333
255,2022-11-06 07:30:00+00:00,0.0,0.0,55.66666667,6.466666667
256,2022-11-06 08:00:00+00:00,0.0,0.0,78.66666667,5.3
257,2022-11-06 08:30:00+00:00,0.0,22.0,56.66666667,3.233333333
258,2022-11-06 09:00:00+00:00,0.0,2.0,219.6666667,4.9
259,2022-11-06 09:30:00+00:00,0.0,0.0,143.3333333,4.766666667
260,2022-11-06 10:00:00+00:00,0.0,0.0,37.66666667,3.833333333
261,2022-11-06 10:30:00+00:00,0.0,0.0,67.66666667,3.133333333
262,2022-11-06 11:00:00+00:00,0.0,7.0,144.3333333,1.666666667
263,2022-11-06 11:30:00+00:00,0.0,9.0,222.3333333,4.533333333
264,2022-11-06 12:00:00+00:00,0.0,1.0,191.6666667,3.5
265,2022-11-06 12:30:00+00:00,0.0,10.0,215.6666667,5.9
266,2022-11-06 13:00:00+00:00,0.0,16.0,222.6666667,5.4
267,2022-11-06 13:30:00+00:00,0.0,0.0,219.3333333,4.433333333
268,2022-11-06 14:00:00+00:00,0.0,0.0,210.6666667,5.133333333
269,2022-11-06 14:30:00+00:00,0.0,11.0,153.3333333,2.633333333
270,2022-11-06 15:00:00+00:00,0.0,12.0,202.6666667,4.2
271,2022-11-06 15:30:00+00:00,0.0,0.0,174.6666667,4.333333333
272,2022-11-06 16:00:00+00:00,0.0,0.0,208.3333333,4.6
273,2022-11-06 16:30:00+00:00,0.0,0.0,194.0,5.5
274,2022-11-06 17:00:00+00:00,0.0,0.0,195.0,6.833333333
275,2022-11-06 17:30:00+00:00,0.0,0.0,182.0,9.366666667
276,2022-11-06 18:00:00+00:00,0.0,0.0,191.3333333,7.433333333
277,2022-11-06 18:30:00+00:00,0.0,0.0,205.3333333,7.066666667
278,2022-11-06 19:00:00+00:00,0.0,0.0,210.3333333,8.766666667
279,2022-11-06 19:30:00+00:00,0.0,0.0,215.0,7.666666667
280,2022-11-06 20:00:00+00:00,0.0,0.0,233.3333333,7.166666667
281,2022-11-06 20:30:00+00:00,0.0,0.0,227.3333333,6.833333333
282,2022-11-06 21:00:00+00:00,0.0,0.0,204.3333333,5.766666667
283,2022-11-06 21:30:00+00:00,0.0,0.0,202.0,6.733333333
284,2022-11-06 22:00:00+00:00,0.0,0.0,213.6666667,4.433333333
285,2022-11-06 22:30:00+00:00,0.0,0.0,259.0,3.5
286,2022-11-06 23:00:00+00:00,0.0,0.0,213.6666667,4.8
287,2022-11-06 23:30:00+00:00,0.0,0.0,207.0,2.133333333
288,2022-11-07 00:00:00+00:00,0.0,0.0,242.0,1.7
289,2022-11-07 00:30:00+00:00,0.0,0.0,313.3333333,2.5
290,2022-11-07 01:00:00+00:00,0.0,0.0,220.0,6.933333333
291,2022-11-07 01:30:00+00:00,0.0,0.0,197.6666667,8.433333333
292,2022-11-07 02:00:00+00:00,0.0,0.0,195.3333333,7.1
293,2022-11-07 02:30:00+00:00,0.0,0.0,191.6666667,9.833333333
294,2022-11-07 03:00:00+00:00,0.0,0.0,189.6666667,9.1
295,2022-11-07 03:30:00+00:00,0.0,0.0,185.0,8.5
296,2022-11-07 04:00:00+00:00,0.0,0.0,190.3333333,6.333333333
297,2022-11-07 04:30:00+00:00,0.0,0.0,197.0,4.066666667
298,2022-11-07 05:00:00+00:00,0.0,0.0,204.0,4.7
299,2022-11-07 05:30:00+00:00,0.0,0.0,172.6666667,6.566666667
300,2022-11-07 06:00:00+00:00,0.0,0.0,207.0,4.9
301,2022-11-07 06:30:00+00:00,0.0,0.0,206.0,4.333333333
302,2022-11-07 07:00:00+00:00,0.0,0.0,187.6666667,3.833333333
303,2022-11-07 07:30:00+00:00,0.0,25.0,202.6666667,5.4
304,2022-11-07 08:00:00+00:00,0.0,30.0,187.0,5.966666667
305,2022-11-07 08:30:00+00:00,0.0,30.0,219.0,2.966666667
306,2022-11-07 09:00:00+00:00,0.0,30.0,199.0,5.966666667
307,2022-11-07 09:30:00+00:00,0.0,30.0,200.6666667,12.33333333
308,2022-11-07 10:00:00+00:00,0.0,30.0,209.3333333,18.46666667
309,2022-11-07 10:30:00+00:00,0.0,30.0,214.3333333,19.9
310,2022-11-07 11:00:00+00:00,0.0,30.0,212.3333333,14.26666667
311,2022-11-07 11:30:00+00:00,0.0,30.0,201.0,13.23333333
312,2022-11-07 12:00:00+00:00,0.0,30.0,220.6666667,13.93333333
313,2022-11-07 12:30:00+00:00,0.0,30.0,217.6666667,13.93333333
314,2022-11-07 13:00:00+00:00,0.0,30.0,210.0,12.36666667
315,2022-11-07 13:30:00+00:00,0.0,28.0,205.0,10.56666667
316,2022-11-07 14:00:00+00:00,0.0,30.0,210.3333333,8.966666667
317,2022-11-07 14:30:00+00:00,0.0,23.0,208.0,6.733333333
318,2022-11-07 15:00:00+00:00,0.0,0.0,208.6666667,4.8
319,2022-11-07 15:30:00+00:00,0.0,16.0,238.6666667,5.633333333
320,2022-11-07 16:00:00+00:00,0.0,4.0,267.3333333,3.833333333
321,2022-11-07 16:30:00+00:00,0.0,0.0,109.0,2.4
322,2022-11-07 17:00:00+00:00,0.0,0.0,19.66666667,3.133333333
323,2022-11-07 17:30:00+00:00,0.0,0.0,66.66666667,4.1
324,2022-11-07 18:00:00+00:00,0.0,0.0,76.66666667,3.466666667
325,2022-11-07 18:30:00+00:00,0.0,0.0,78.66666667,1.933333333
326,2022-11-07 19:00:00+00:00,0.0,0.0,142.3333333,2.533333333
327,2022-11-07 19:30:00+00:00,0.0,0.0,159.0,3.833333333
328,2022-11-07 20:00:00+00:00,0.0,0.0,158.3333333,5.633333333
329,2022-11-07 20:30:00+00:00,0.0,0.0,157.6666667,3.966666667
330,2022-11-07 21:00:00+00:00,0.0,0.0,147.6666667,3.333333333
331,2022-11-07 21:30:00+00:00,0.0,0.0,152.3333333,2.9
332,2022-11-07 22:00:00+00:00,0.0,0.0,151.0,2.366666667
333,2022-11-07 22:30:00+00:00,0.0,0.0,127.6666667,2.066666667
334,2022-11-07 23:00:00+00:00,0.0,0.0,112.3333333,2.033333333
335,2022-11-07 23:30:00+00:00,0.0,0.0,139.3333333,2.033333333
336,2022-11-08 00:00:00+00:00,0.0,0.0,139.3333333,3.0
337,2022-11-08 00:30:00+00:00,0.0,0.0,129.0,3.6
338,2022-11-08 01:00:00+00:00,0.0,0.0,126.6666667,4.1
339,2022-11-08 01:30:00+00:00,0.0,0.0,129.6666667,2.533333333
340,2022-11-08 02:00:00+00:00,0.0,0.0,100.0,2.9
341,2022-11-08 02:30:00+00:00,0.0,0.0,68.0,2.166666667
342,2022-11-08 03:00:00+00:00,0.0,0.0,223.6666667,0.966666667
343,2022-11-08 03:30:00+00:00,0.0,0.0,22.66666667,1.8
344,2022-11-08 04:00:00+00:00,0.0,0.0,16.66666667,1.833333333
345,2022-11-08 04:30:00+00:00,0.0,0.0,129.0,2.733333333
346,2022-11-08 05:00:00+00:00,0.0,0.0,45.66666667,3.966666667
347,2022-11-08 05:30:00+00:00,0.0,0.0,55.0,4.466666667
348,2022-11-08 06:00:00+00:00,0.0,0.0,195.3333333,2.266666667
349,2022-11-08 06:30:00+00:00,0.0,0.0,234.3333333,2.266666667
350,2022-11-08 07:00:00+00:00,0.0,0.0,110.6666667,2.033333333
351,2022-11-08 07:30:00+00:00,0.0,6.0,315.0,4.566666667
352,2022-11-08 08:00:00+00:00,0.0,29.0,286.0,3.333333333
353,2022-11-08 08:30:00+00:00,0.0,5.0,195.3333333,1.433333333
354,2022-11-08 09:00:00+00:00,0.0,20.0,171.0,2.266666667
355,2022-11-08 09:30:00+00:00,0.0,29.0,199.6666667,3.0
356,2022-11-08 10:00:00+00:00,0.0,2.0,197.0,4.8
357,2022-11-08 10:30:00+00:00,0.0,16.0,211.0,5.266666667
358,2022-11-08 11:00:00+00:00,0.0,3.0,197.0,5.166666667
359,2022-11-08 11:30:00+00:00,0.0,6.0,197.3333333,5.5
360,2022-11-08 12:00:00+00:00,0.0,0.0,202.3333333,7.566666667
361,2022-11-08 12:30:00+00:00,0.0,3.0,209.0,8.866666667
362,2022-11-08 13:00:00+00:00,0.0,0.0,219.0,6.366666667
363,2022-11-08 13:30:00+00:00,0.0,19.0,213.6666667,3.366666667
364,2022-11-08 14:00:00+00:00,0.0,18.0,210.3333333,5.3
365,2022-11-08 14:30:00+00:00,0.0,10.0,186.3333333,3.6
366,2022-11-08 15:00:00+00:00,0.0,2.0,176.0,3.233333333
367,2022-11-08 15:30:00+00:00,0.0,0.0,215.0,2.733333333
368,2022-11-08 16:00:00+00:00,0.0,2.0,173.0,2.033333333
369,2022-11-08 16:30:00+00:00,0.0,0.0,181.3333333,3.266666667
370,2022-11-08 17:00:00+00:00,0.0,0.0,240.0,3.6
371,2022-11-08 17:30:00+00:00,0.0,0.0,181.3333333,3.033333333
372,2022-11-08 18:00:00+00:00,0.0,0.0,155.6666667,1.433333333
373,2022-11-08 18:30:00+00:00,0.0,0.0,207.6666667,2.266666667
374,2022-11-08 19:00:00+00:00,0.0,0.0,163.3333333,4.1
375,2022-11-08 19:30:00+00:00,0.0,0.0,166.3333333,2.366666667
376,2022-11-08 20:00:00+00:00,0.0,0.0,174.0,2.5
377,2022-11-08 20:30:00+00:00,0.0,0.0,204.0,4.2
378,2022-11-08 21:00:00+00:00,0.0,0.0,200.0,2.966666667
379,2022-11-08 21:30:00+00:00,0.0,0.0,99.0,1.1
380,2022-11-08 22:00:00+00:00,0.0,0.0,182.6666667,1.766666667
381,2022-11-08 22:30:00+00:00,0.0,0.0,203.0,1.2
382,2022-11-08 23:00:00+00:00,0.0,0.0,131.3333333,1.8
383,2022-11-08 23:30:00+00:00,0.0,0.0,139.6666667,2.733333333
384,2022-11-09 00:00:00+00:00,0.0,0.0,125.3333333,1.8
385,2022-11-09 00:30:00+00:00,0.0,0.0,93.0,2.3
386,2022-11-09 01:00:00+00:00,0.0,0.0,149.3333333,1.8
387,2022-11-09 01:30:00+00:00,0.0,0.0,249.6666667,2.166666667
388,2022-11-09 02:00:00+00:00,0.0,0.0,56.0,3.966666667
389,2022-11-09 02:30:00+00:00,0.0,0.0,130.0,2.266666667
390,2022-11-09 03:00:00+00:00,0.0,0.0,115.0,3.1
391,2022-11-09 03:30:00+00:00,0.0,0.0,83.0,2.633333333
392,2022-11-09 04:00:00+00:00,0.0,0.0,262.3333333,1.566666667
393,2022-11-09 04:30:00+00:00,0.0,0.0,221.3333333,1.2
394,2022-11-09 05:00:00+00:00,0.0,0.0,312.3333333,4.8
395,2022-11-09 05:30:00+00:00,0.1,0.0,280.0,7.566666667
396,2022-11-09 06:00:00+00:00,0.2,0.0,249.6666667,4.2
397,2022-11-09 06:30:00+00:00,0.7,0.0,226.6666667,9.133333333
398,2022-11-09 07:00:00+00:00,0.4,0.0,219.5,10.1
399,2022-11-09 07:30:00+00:00,0.2,0.0,172.0,10.8
400,2022-11-09 08:00:00+00:00,0.2,0.0,163.3333333,6.833333333
401,2022-11-09 08:30:00+00:00,0.0,0.0,150.6666667,4.8
402,2022-11-09 09:00:00+00:00,0.0,0.0,232.6666667,2.866666667
403,2022-11-09 09:30:00+00:00,0.1,0.0,179.3333333,1.7
404,2022-11-09 10:00:00+00:00,0.0,0.0,198.0,4.166666667
405,2022-11-09 10:30:00+00:00,0.0,0.0,211.3333333,4.333333333
406,2022-11-09 11:00:00+00:00,0.0,0.0,202.6666667,2.766666667
407,2022-11-09 11:30:00+00:00,0.0,0.0,162.6666667,0.733333333
408,2022-11-09 12:00:00+00:00,0.1,0.0,83.33333333,2.266666667
409,2022-11-09 12:30:00+00:00,0.0,0.0,120.6666667,2.066666667
410,2022-11-09 13:00:00+00:00,0.2,0.0,294.3333333,2.266666667
411,2022-11-09 13:30:00+00:00,0.3,0.0,110.3333333,1.3
412,2022-11-09 14:00:00+00:00,0.4,0.0,225.0,2.166666667
413,2022-11-09 14:30:00+00:00,0.6,0.0,45.66666667,3.0
414,2022-11-09 15:00:00+00:00,0.3,0.0,115.0,0.833333333
415,2022-11-09 15:30:00+00:00,0.7,0.0,260.6666667,1.933333333
416,2022-11-09 16:00:00+00:00,0.7,0.0,254.0,2.733333333
417,2022-11-09 16:30:00+00:00,0.7,0.0,201.0,3.6
418,2022-11-09 17:00:00+00:00,1.0,0.0,235.0,9.233333333
419,2022-11-09 17:30:00+00:00,0.6,0.0,198.6666667,6.866666667
420,2022-11-09 18:00:00+00:00,0.2,0.0,212.3333333,6.466666667
421,2022-11-09 18:30:00+00:00,0.2,0.0,211.0,10.43333333
422,2022-11-09 19:00:00+00:00,0.2,0.0,210.6666667,11.03333333
423,2022-11-09 19:30:00+00:00,0.1,0.0,208.0,10.7
424,2022-11-09 20:00:00+00:00,0.1,0.0,193.3333333,6.366666667
425,2022-11-09 20:30:00+00:00,0.0,0.0,196.3333333,9.1
426,2022-11-09 21:00:00+00:00,0.0,0.0,210.0,6.5
427,2022-11-09 21:30:00+00:00,0.0,0.0,212.6666667,6.966666667
428,2022-11-09 22:00:00+00:00,0.0,0.0,213.6666667,7.7
429,2022-11-09 22:30:00+00:00,0.0,0.0,221.0,6.0
430,2022-11-09 23:00:00+00:00,0.1,0.0,215.0,6.266666667
431,2022-11-09 23:30:00+00:00,0.0,0.0,216.6666667,6.6
432,2022-11-10 00:00:00+00:00,0.0,0.0,227.6666667,5.5
433,2022-11-10 00:30:00+00:00,0.0,0.0,229.6666667,4.333333333
434,2022-11-10 01:00:00+00:00,0.3,0.0,253.3333333,5.266666667
435,2022-11-10 01:30:00+00:00,0.2,0.0,268.0,5.166666667
436,2022-11-10 02:00:00+00:00,0.0,0.0,251.3333333,3.6
437,2022-11-10 02:30:00+00:00,0.0,0.0,235.0,3.05
438,2022-11-10 03:00:00+00:00,0.0,0.0,221.6666667,1.433333333
439,2022-11-10 03:30:00+00:00,0.0,0.0,270.3333333,3.233333333
440,2022-11-10 04:00:00+00:00,0.0,0.0,284.6666667,4.666666667
441,2022-11-10 04:30:00+00:00,0.0,0.0,297.0,2.4
442,2022-11-10 05:00:00+00:00,0.0,0.0,324.6666667,2.633333333
443,2022-11-10 05:30:00+00:00,0.0,0.0,349.3333333,4.233333333
444,2022-11-10 06:00:00+00:00,0.0,0.0,342.3333333,4.566666667
445,2022-11-10 06:30:00+00:00,0.0,0.0,330.0,4.3
446,2022-11-10 07:00:00+00:00,0.0,0.0,317.6666667,4.333333333
447,2022-11-10 07:30:00+00:00,0.0,10.0,323.6666667,2.633333333
448,2022-11-10 08:00:00+00:00,0.0,30.0,136.6666667,2.866666667
449,2022-11-10 08:30:00+00:00,0.0,30.0,55.0,1.7
450,2022-11-10 09:00:00+00:00,0.1,15.0,43.33333333,5.766666667
451,2022-11-10 09:30:00+00:00,0.0,0.0,47.0,6.966666667
452,2022-11-10 10:00:00+00:00,0.0,5.0,60.0,7.566666667
453,2022-11-10 10:30:00+00:00,0.0,1.0,67.33333333,5.033333333
454,2022-11-10 11:00:00+00:00,0.0,19.0,43.66666667,5.4
455,2022-11-10 11:30:00+00:00,0.0,24.0,42.66666667,9.833333333
456,2022-11-10 12:00:00+00:00,0.0,26.0,44.66666667,8.266666667
457,2022-11-10 12:30:00+00:00,0.0,27.0,44.66666667,6.466666667
458,2022-11-10 13:00:00+00:00,0.0,30.0,40.33333333,7.433333333
459,2022-11-10 13:30:00+00:00,0.0,26.0,42.0,8.3
460,2022-11-10 14:00:00+00:00,0.0,30.0,47.66666667,8.9
461,2022-11-10 14:30:00+00:00,0.0,30.0,42.66666667,8.033333333
462,2022-11-10 15:00:00+00:00,0.0,30.0,39.33333333,7.566666667
463,2022-11-10 15:30:00+00:00,0.0,30.0,38.33333333,6.833333333
464,2022-11-10 16:00:00+00:00,0.0,14.0,36.0,5.166666667
465,2022-11-10 16:30:00+00:00,0.0,0.0,35.0,5.666666667
466,2022-11-10 17:00:00+00:00,0.0,0.0,30.66666667,7.066666667
467,2022-11-10 17:30:00+00:00,0.0,0.0,40.0,8.4
468,2022-11-10 18:00:00+00:00,0.0,0.0,43.66666667,5.633333333
469,2022-11-10 18:30:00+00:00,0.0,0.0,45.66666667,10.8
470,2022-11-10 19:00:00+00:00,0.0,0.0,50.33333333,5.166666667
471,2022-11-10 19:30:00+00:00,0.0,0.0,48.33333333,9.7
472,2022-11-10 20:00:00+00:00,0.0,0.0,50.0,10.06666667
473,2022-11-10 20:30:00+00:00,0.0,0.0,50.33333333,8.533333333
474,2022-11-10 21:00:00+00:00,0.0,0.0,71.66666667,6.1
475,2022-11-10 21:30:00+00:00,0.0,0.0,74.66666667,5.4
476,2022-11-10 22:00:00+00:00,0.0,0.0,53.33333333,4.2
477,2022-11-10 22:30:00+00:00,0.0,0.0,75.66666667,4.8
478,2022-11-10 23:00:00+00:00,0.0,0.0,53.33333333,3.466666667
479,2022-11-10 23:30:00+00:00,0.0,0.0,87.33333333,1.1
480,2022-11-11 00:00:00+00:00,0.0,0.0,134.0,0.933333333
481,2022-11-11 00:30:00+00:00,0.0,0.0,225.0,1.566666667
482,2022-11-11 01:00:00+00:00,0.0,0.0,173.0,1.066666667
483,2022-11-11 01:30:00+00:00,0.0,0.0,127.0,1.833333333
484,2022-11-11 02:00:00+00:00,0.0,0.0,176.0,1.433333333
485,2022-11-11 02:30:00+00:00,0.0,0.0,136.0,2.266666667
486,2022-11-11 03:00:00+00:00,0.0,0.0,52.66666667,3.5
487,2022-11-11 03:30:00+00:00,0.0,0.0,115.6666667,1.166666667
488,2022-11-11 04:00:00+00:00,0.0,0.0,201.0,2.4
489,2022-11-11 04:30:00+00:00,0.0,0.0,142.3333333,1.666666667
490,2022-11-11 05:00:00+00:00,0.0,0.0,192.0,2.033333333
491,2022-11-11 05:30:00+00:00,0.0,0.0,226.6666667,1.433333333
492,2022-11-11 06:00:00+00:00,0.0,0.0,219.3333333,2.866666667
493,2022-11-11 06:30:00+00:00,0.0,0.0,252.0,1.3
494,2022-11-11 07:00:00+00:00,0.0,0.0,292.0,2.5
495,2022-11-11 07:30:00+00:00,0.0,0.0,287.0,2.533333333
496,2022-11-11 08:00:00+00:00,0.0,0.0,294.6666667,1.233333333
497,2022-11-11 08:30:00+00:00,0.0,0.0,187.0,2.533333333
498,2022-11-11 09:00:00+00:00,0.0,0.0,193.3333333,3.966666667
499,2022-11-11 09:30:00+00:00,0.0,0.0,203.0,4.066666667
500,2022-11-11 10:00:00+00:00,0.0,0.0,173.6666667,3.5
501,2022-11-11 10:30:00+00:00,0.0,0.0,195.3333333,3.7
502,2022-11-11 11:00:00+00:00,0.0,13.0,218.0,3.466666667
503,2022-11-11 11:30:00+00:00,0.0,19.0,211.6666667,3.566666667
504,2022-11-11 12:00:00+00:00,0.0,6.0,241.3333333,2.5
505,2022-11-11 12:30:00+00:00,0.0,13.0,239.6666667,2.766666667
506,2022-11-11 13:00:00+00:00,0.0,8.0,184.3333333,2.133333333
507,2022-11-11 13:30:00+00:00,0.0,16.0,59.33333333,6.233333333
508,2022-11-11 14:00:00+00:00,0.0,27.0,45.33333333,4.666666667
509,2022-11-11 14:30:00+00:00,0.0,14.0,50.66666667,6.0
510,2022-11-11 15:00:00+00:00,0.0,3.0,49.33333333,5.166666667
511,2022-11-11 15:30:00+00:00,0.0,0.0,48.0,5.033333333
512,2022-11-11 16:00:00+00:00,0.0,0.0,45.66666667,8.166666667
513,2022-11-11 16:30:00+00:00,0.0,0.0,47.66666667,9.1
514,2022-11-11 17:00:00+00:00,0.0,0.0,49.0,9.466666667
515,2022-11-11 17:30:00+00:00,0.0,0.0,43.66666667,5.866666667
516,2022-11-11 18:00:00+00:00,0.0,0.0,40.0,7.333333333
517,2022-11-11 18:30:00+00:00,0.0,0.0,51.0,11.53333333
518,2022-11-11 19:00:00+00:00,0.0,0.0,56.33333333,10.33333333
519,2022-11-11 19:30:00+00:00,0.0,0.0,56.0,8.3
520,2022-11-11 20:00:00+00:00,0.0,0.0,54.66666667,5.166666667
521,2022-11-11 20:30:00+00:00,0.0,0.0,49.0,4.8
522,2022-11-11 21:00:00+00:00,0.0,0.0,40.0,3.233333333
523,2022-11-11 21:30:00+00:00,0.0,0.0,31.0,2.4
524,2022-11-11 22:00:00+00:00,0.0,0.0,71.33333333,2.266666667
525,2022-11-11 22:30:00+00:00,0.0,0.0,104.0,2.266666667
526,2022-11-11 23:00:00+00:00,0.0,0.0,80.0,2.266666667
527,2022-11-11 23:30:00+00:00,0.0,0.0,98.0,3.966666667
528,2022-11-12 00:00:00+00:00,0.0,0.0,111.0,2.533333333
529,2022-11-12 00:30:00+00:00,0.0,0.0,100.3333333,1.566666667
530,2022-11-12 01:00:00+00:00,0.0,0.0,83.66666667,3.966666667
531,2022-11-12 01:30:00+00:00,0.0,0.0,100.3333333,2.5
532,2022-11-12 02:00:00+00:00,0.0,0.0,190.0,2.2
533,2022-11-12 02:30:00+00:00,0.0,0.0,216.3333333,3.266666667
534,2022-11-12 03:00:00+00:00,0.0,0.0,186.0,4.1
535,2022-11-12 03:30:00+00:00,0.0,0.0,264.6666667,3.1
536,2022-11-12 04:00:00+00:00,0.0,0.0,224.6666667,2.633333333
537,2022-11-12 04:30:00+00:00,0.0,0.0,218.0,2.9
538,2022-11-12 05:00:00+00:00,0.0,0.0,194.6666667,3.0
539,2022-11-12 05:30:00+00:00,0.0,0.0,239.0,2.133333333
540,2022-11-12 06:00:00+00:00,0.0,0.0,92.0,2.9
541,2022-11-12 06:30:00+00:00,0.0,0.0,120.6666667,1.3
542,2022-11-12 07:00:00+00:00,0.0,0.0,86.0,3.7
543,2022-11-12 07:30:00+00:00,0.0,0.0,107.0,2.3
544,2022-11-12 08:00:00+00:00,0.0,0.0,100.0,1.933333333
545,2022-11-12 08:30:00+00:00,0.0,0.0,49.33333333,1.7
546,2022-11-12 09:00:00+00:00,0.0,0.0,38.0,1.933333333
547,2022-11-12 09:30:00+00:00,0.0,0.0,311.0,2.366666667
548,2022-11-12 10:00:00+00:00,0.0,0.0,149.0,1.7
549,2022-11-12 10:30:00+00:00,0.0,0.0,106.3333333,3.566666667
550,2022-11-12 11:00:00+00:00,0.0,0.0,184.3333333,2.866666667
551,2022-11-12 11:30:00+00:00,0.0,0.0,244.5,2.2
552,2022-11-12 12:00:00+00:00,0.0,0.0,256.3333333,2.166666667
553,2022-11-12 12:30:00+00:00,0.0,0.0,207.0,3.233333333
554,2022-11-12 13:00:00+00:00,0.0,2.0,90.66666667,2.866666667
555,2022-11-12 13:30:00+00:00,0.0,0.0,159.6666667,3.6
556,2022-11-12 14:00:00+00:00,0.0,0.0,166.3333333,2.033333333
557,2022-11-12 14:30:00+00:00,0.0,0.0,67.66666667,3.966666667
558,2022-11-12 15:00:00+00:00,0.0,0.0,50.66666667,4.8
559,2022-11-12 15:30:00+00:00,0.0,0.0,56.0,5.633333333
560,2022-11-12 16:00:00+00:00,0.0,0.0,47.0,5.033333333
561,2022-11-12 16:30:00+00:00,0.0,0.0,44.0,5.9
562,2022-11-12 17:00:00+00:00,0.0,0.0,50.66666667,6.833333333
563,2022-11-12 17:30:00+00:00,0.0,0.0,48.33333333,7.8
564,2022-11-12 18:00:00+00:00,0.0,0.0,52.0,7.333333333
565,2022-11-12 18:30:00+00:00,0.0,0.0,51.33333333,5.033333333
566,2022-11-12 19:00:00+00:00,0.0,0.0,49.0,2.866666667
567,2022-11-12 19:30:00+00:00,0.0,0.0,62.0,3.966666667
568,2022-11-12 20:00:00+00:00,0.0,0.0,49.33333333,3.733333333
569,2022-11-12 20:30:00+00:00,0.0,0.0,67.0,2.9
570,2022-11-12 21:00:00+00:00,0.0,0.0,85.0,3.6
571,2022-11-12 21:30:00+00:00,0.0,0.0,61.5,5.25
572,2022-11-12 22:00:00+00:00,0.0,0.0,73.0,2.266666667
573,2022-11-12 22:30:00+00:00,0.0,0.0,57.33333333,5.033333333
574,2022-11-12 23:00:00+00:00,0.0,0.0,58.33333333,6.366666667
575,2022-11-12 23:30:00+00:00,0.0,0.0,51.0,7.9
576,2022-11-13 00:00:00+00:00,0.0,0.0,44.66666667,7.2
577,2022-11-13 00:30:00+00:00,0.0,0.0,51.33333333,7.8
578,2022-11-13 01:00:00+00:00,0.0,0.0,53.33333333,8.033333333
579,2022-11-13 01:30:00+00:00,0.0,0.0,50.66666667,6.366666667
580,2022-11-13 02:00:00+00:00,0.0,0.0,54.66666667,5.3
581,2022-11-13 02:30:00+00:00,0.0,0.0,82.33333333,3.833333333
582,2022-11-13 03:00:00+00:00,0.0,0.0,56.0,5.5
583,2022-11-13 03:30:00+00:00,0.0,0.0,53.33333333,4.766666667
584,2022-11-13 04:00:00+00:00,0.0,0.0,55.0,7.333333333
585,2022-11-13 04:30:00+00:00,0.0,0.0,60.66666667,7.3
586,2022-11-13 05:00:00+00:00,0.0,0.0,56.33333333,5.533333333
587,2022-11-13 05:30:00+00:00,0.0,0.0,62.66666667,3.866666667
588,2022-11-13 06:00:00+00:00,0.0,0.0,55.33333333,3.0
589,2022-11-13 06:30:00+00:00,0.0,0.0,75.66666667,3.366666667
590,2022-11-13 07:00:00+00:00,0.0,0.0,58.66666667,4.066666667
591,2022-11-13 07:30:00+00:00,0.0,0.0,57.33333333,4.9
592,2022-11-13 08:00:00+00:00,0.0,0.0,59.0,4.566666667
593,2022-11-13 08:30:00+00:00,0.0,0.0,65.66666667,4.8
594,2022-11-13 09:00:00+00:00,0.0,0.0,66.66666667,5.066666667
595,2022-11-13 09:30:00+00:00,0.0,0.0,50.0,4.7
596,2022-11-13 10:00:00+00:00,0.0,0.0,58.0,7.566666667
597,2022-11-13 10:30:00+00:00,0.0,0.0,59.0,6.5
598,2022-11-13 11:00:00+00:00,0.0,0.0,51.66666667,6.0
599,2022-11-13 11:30:00+00:00,0.0,0.0,64.0,6.233333333
600,2022-11-13 12:00:00+00:00,0.0,0.0,55.33333333,6.133333333
601,2022-11-13 12:30:00+00:00,0.0,0.0,47.33333333,5.533333333
602,2022-11-13 13:00:00+00:00,0.0,0.0,69.66666667,3.7
603,2022-11-13 13:30:00+00:00,0.0,0.0,44.0,3.333333333
604,2022-11-13 14:00:00+00:00,0.0,0.0,73.33333333,3.966666667
605,2022-11-13 14:30:00+00:00,0.0,0.0,103.0,2.9
606,2022-11-13 15:00:00+00:00,0.0,0.0,183.6666667,3.733333333
607,2022-11-13 15:30:00+00:00,0.0,0.0,153.6666667,2.433333333
608,2022-11-13 16:00:00+00:00,0.0,0.0,237.6666667,1.7
609,2022-11-13 16:30:00+00:00,0.0,0.0,108.0,3.733333333
610,2022-11-13 17:00:00+00:00,0.0,0.0,56.66666667,5.3
611,2022-11-13 17:30:00+00:00,0.0,0.0,74.66666667,5.533333333
612,2022-11-13 18:00:00+00:00,0.0,0.0,106.0,4.433333333
613,2022-11-13 18:30:00+00:00,0.0,0.0,108.6666667,3.466666667
614,2022-11-13 19:00:00+00:00,0.0,0.0,172.3333333,2.8
615,2022-11-13 19:30:00+00:00,0.0,0.0,165.3333333,3.1
616,2022-11-13 20:00:00+00:00,0.0,0.0,232.0,6.966666667
617,2022-11-13 20:30:00+00:00,0.0,0.0,140.0,4.2
618,2022-11-13 21:00:00+00:00,0.0,0.0,201.6666667,5.533333333
619,2022-11-13 21:30:00+00:00,0.0,0.0,201.3333333,6.366666667
620,2022-11-13 22:00:00+00:00,0.0,0.0,198.3333333,5.4
621,2022-11-13 22:30:00+00:00,0.0,0.0,180.3333333,5.4
622,2022-11-13 23:00:00+00:00,0.0,0.0,174.0,3.733333333
623,2022-11-13 23:30:00+00:00,0.0,0.0,204.0,5.166666667
624,2022-11-14 00:00:00+00:00,0.0,0.0,203.0,5.9
625,2022-11-14 00:30:00+00:00,0.0,0.0,201.3333333,4.233333333
626,2022-11-14 01:00:00+00:00,0.0,0.0,211.0,4.433333333
627,2022-11-14 01:30:00+00:00,0.0,0.0,194.0,3.966666667
628,2022-11-14 02:00:00+00:00,0.0,0.0,157.3333333,3.233333333
629,2022-11-14 02:30:00+00:00,0.0,0.0,144.3333333,3.233333333
630,2022-11-14 03:00:00+00:00,0.0,0.0,181.3333333,3.6
631,2022-11-14 03:30:00+00:00,0.0,0.0,175.3333333,6.266666667
632,2022-11-14 04:00:00+00:00,0.0,0.0,180.0,5.4
633,2022-11-14 04:30:00+00:00,0.0,0.0,190.0,4.333333333
634,2022-11-14 05:00:00+00:00,0.0,0.0,122.3333333,1.9
635,2022-11-14 05:30:00+00:00,0.1,0.0,91.0,5.433333333
636,2022-11-14 06:00:00+00:00,0.2,0.0,103.3333333,5.633333333
637,2022-11-14 06:30:00+00:00,0.4,0.0,130.6666667,3.7
638,2022-11-14 07:00:00+00:00,0.3,0.0,182.6666667,1.666666667
639,2022-11-14 07:30:00+00:00,0.9,0.0,89.33333333,2.666666667
640,2022-11-14 08:00:00+00:00,0.2,0.0,159.6666667,7.533333333
641,2022-11-14 08:30:00+00:00,0.2,0.0,154.6666667,11.06666667
642,2022-11-14 09:00:00+00:00,0.0,0.0,158.3333333,7.3
643,2022-11-14 09:30:00+00:00,0.4,0.0,157.0,6.7
644,2022-11-14 10:00:00+00:00,0.4,0.0,158.6666667,12.0
645,2022-11-14 10:30:00+00:00,0.1,0.0,192.0,3.366666667
646,2022-11-14 11:00:00+00:00,0.4,0.0,232.3333333,3.366666667
647,2022-11-14 11:30:00+00:00,0.1,0.0,168.0,3.366666667
648,2022-11-14 12:00:00+00:00,0.1,0.0,178.3333333,2.5
649,2022-11-14 12:30:00+00:00,0.0,0.0,182.0,2.533333333
650,2022-11-14 13:00:00+00:00,0.0,0.0,166.6666667,3.966666667
651,2022-11-14 13:30:00+00:00,0.0,0.0,187.0,5.033333333
652,2022-11-14 14:00:00+00:00,0.0,0.0,221.3333333,3.733333333
653,2022-11-14 14:30:00+00:00,0.0,0.0,196.3333333,5.866666667
654,2022-11-14 15:00:00+00:00,0.0,0.0,188.6666667,7.433333333
655,2022-11-14 15:30:00+00:00,0.1,0.0,207.3333333,6.833333333
656,2022-11-14 16:00:00+00:00,0.0,0.0,144.6666667,8.866666667
657,2022-11-14 16:30:00+00:00,0.0,0.0,151.3333333,8.066666667
658,2022-11-14 17:00:00+00:00,0.0,0.0,171.0,3.233333333
659,2022-11-14 17:30:00+00:00,0.0,0.0,178.0,2.5
660,2022-11-14 18:00:00+00:00,0.0,0.0,142.0,3.133333333
661,2022-11-14 18:30:00+00:00,0.0,0.0,215.3333333,0.833333333
662,2022-11-14 19:00:00+00:00,0.0,0.0,250.6666667,0.7
663,2022-11-14 19:30:00+00:00,0.0,0.0,157.3333333,1.066666667
664,2022-11-14 20:00:00+00:00,0.0,0.0,104.3333333,1.9
665,2022-11-14 20:30:00+00:00,0.0,0.0,223.6666667,2.4
666,2022-11-14 21:00:00+00:00,0.0,0.0,117.0,2.0
667,2022-11-14 21:30:00+00:00,0.0,0.0,157.6666667,3.233333333
668,2022-11-14 22:00:00+00:00,0.0,0.0,119.6666667,1.533333333
669,2022-11-14 22:30:00+00:00,0.0,0.0,116.3333333,2.133333333
670,2022-11-14 23:00:00+00:00,0.0,0.0,216.0,1.666666667
671,2022-11-14 23:30:00+00:00,0.0,0.0,121.0,1.2
672,2022-11-15 00:00:00+00:00,0.0,0.0,221.6666667,0.966666667
673,2022-11-15 00:30:00+00:00,0.0,0.0,139.6666667,3.1
674,2022-11-15 01:00:00+00:00,0.0,0.0,147.0,7.066666667
675,2022-11-15 01:30:00+00:00,0.0,0.0,232.0,0.866666667
676,2022-11-15 02:00:00+00:00,0.0,0.0,48.66666667,7.7
677,2022-11-15 02:30:00+00:00,0.0,0.0,122.6666667,3.5
678,2022-11-15 03:00:00+00:00,0.0,0.0,316.6666667,1.3
679,2022-11-15 03:30:00+00:00,0.0,0.0,126.3333333,2.266666667
680,2022-11-15 04:00:00+00:00,0.0,0.0,148.3333333,1.333333333
681,2022-11-15 04:30:00+00:00,0.0,0.0,198.3333333,2.3
682,2022-11-15 05:00:00+00:00,0.0,0.0,105.3333333,1.8
683,2022-11-15 05:30:00+00:00,0.0,0.0,105.0,2.066666667
684,2022-11-15 06:00:00+00:00,0.0,0.0,73.0,1.8
685,2022-11-15 06:30:00+00:00,0.0,0.0,169.0,1.433333333
686,2022-11-15 07:00:00+00:00,0.0,0.0,132.5,0.9
687,2022-11-15 07:30:00+00:00,0.0,8.0,212.3333333,2.133333333
688,2022-11-15 08:00:00+00:00,0.0,2.0,255.0,1.433333333
689,2022-11-15 08:30:00+00:00,0.0,30.0,185.0,2.166666667
690,2022-11-15 09:00:00+00:00,0.0,0.0,211.3333333,2.633333333
691,2022-11-15 09:30:00+00:00,0.0,0.0,234.3333333,2.866666667
692,2022-11-15 10:00:00+00:00,0.0,0.0,187.0,1.8
693,2022-11-15 10:30:00+00:00,0.0,0.0,187.6666667,2.266666667
694,2022-11-15 11:00:00+00:00,0.0,0.0,182.6666667,3.366666667
695,2022-11-15 11:30:00+00:00,0.0,0.0,168.3333333,2.5
696,2022-11-15 12:00:00+00:00,0.0,0.0,143.0,4.8
697,2022-11-15 12:30:00+00:00,0.0,0.0,187.6666667,4.7
698,2022-11-15 13:00:00+00:00,0.0,0.0,198.0,6.266666667
699,2022-11-15 13:30:00+00:00,0.0,0.0,245.0,2.7
700,2022-11-15 14:00:00+00:00,0.0,0.0,235.0,4.666666667
701,2022-11-15 14:30:00+00:00,0.0,0.0,205.3333333,4.433333333
702,2022-11-15 15:00:00+00:00,0.0,0.0,129.6666667,4.466666667
703,2022-11-15 15:30:00+00:00,0.0,0.0,124.6666667,4.6
704,2022-11-15 16:00:00+00:00,0.0,0.0,141.0,3.366666667
705,2022-11-15 16:30:00+00:00,0.0,0.0,81.33333333,6.366666667
706,2022-11-15 17:00:00+00:00,0.0,0.0,43.66666667,6.233333333
707,2022-11-15 17:30:00+00:00,0.0,0.0,64.66666667,2.4
708,2022-11-15 18:00:00+00:00,0.0,0.0,54.33333333,1.2
709,2022-11-15 18:30:00+00:00,0.0,0.0,52.0,7.066666667
710,2022-11-15 19:00:00+00:00,0.0,0.0,55.66666667,7.066666667
711,2022-11-15 19:30:00+00:00,0.0,0.0,56.66666667,6.733333333
712,2022-11-15 20:00:00+00:00,0.0,0.0,54.33333333,8.4
713,2022-11-15 20:30:00+00:00,0.0,0.0,149.6666667,5.9
714,2022-11-15 21:00:00+00:00,0.0,0.0,304.6666667,4.566666667
715,2022-11-15 21:30:00+00:00,0.0,0.0,300.6666667,5.3
716,2022-11-15 22:00:00+00:00,0.2,0.0,341.0,3.7
717,2022-11-15 22:30:00+00:00,0.1,0.0,210.6666667,3.133333333
718,2022-11-15 23:00:00+00:00,0.1,0.0,179.6666667,2.033333333
719,2022-11-15 23:30:00+00:00,0.2,0.0,48.33333333,4.466666667
720,2022-11-16 00:00:00+00:00,0.1,0.0,102.3333333,3.0
721,2022-11-16 00:30:00+00:00,0.2,0.0,176.3333333,2.166666667
722,2022-11-16 01:00:00+00:00,0.1,0.0,276.0,2.3
723,2022-11-16 01:30:00+00:00,0.4,0.0,238.0,3.966666667
724,2022-11-16 02:00:00+00:00,0.7,0.0,231.0,4.8
725,2022-11-16 02:30:00+00:00,0.5,0.0,226.0,8.5
726,2022-11-16 03:00:00+00:00,0.2,0.0,187.3333333,9.7
727,2022-11-16 03:30:00+00:00,0.2,0.0,187.0,7.7
728,2022-11-16 04:00:00+00:00,0.1,0.0,194.6666667,6.233333333
729,2022-11-16 04:30:00+00:00,0.0,0.0,180.3333333,6.333333333
730,2022-11-16 05:00:00+00:00,0.0,0.0,133.0,3.466666667
731,2022-11-16 05:30:00+00:00,0.0,0.0,185.3333333,4.1
732,2022-11-16 06:00:00+00:00,0.1,0.0,206.6666667,4.2
733,2022-11-16 06:30:00+00:00,0.0,0.0,221.6666667,6.033333333
734,2022-11-16 07:00:00+00:00,0.0,0.0,256.3333333,8.733333333
735,2022-11-16 07:30:00+00:00,0.0,0.0,264.0,7.933333333
736,2022-11-16 08:00:00+00:00,0.0,0.0,249.6666667,10.23333333
737,2022-11-16 08:30:00+00:00,0.0,1.0,269.0,7.066666667
738,2022-11-16 09:00:00+00:00,0.0,6.0,269.3333333,3.566666667
739,2022-11-16 09:30:00+00:00,0.0,26.0,181.6666667,5.066666667
740,2022-11-16 10:00:00+00:00,0.0,28.0,254.6666667,9.5
741,2022-11-16 10:30:00+00:00,0.0,29.0,304.3333333,5.633333333
742,2022-11-16 11:00:00+00:00,0.0,26.0,282.0,7.433333333
743,2022-11-16 11:30:00+00:00,0.0,15.0,242.3333333,9.866666667
744,2022-11-16 12:00:00+00:00,0.0,15.0,249.3333333,8.166666667
745,2022-11-16 12:30:00+00:00,0.0,26.0,224.3333333,9.966666667
746,2022-11-16 13:00:00+00:00,0.0,25.0,201.0,13.2
747,2022-11-16 13:30:00+00:00,0.0,30.0,216.6666667,11.06666667
748,2022-11-16 14:00:00+00:00,0.0,30.0,226.0,10.8
749,2022-11-16 14:30:00+00:00,0.0,30.0,218.0,10.06666667
750,2022-11-16 15:00:00+00:00,0.0,30.0,199.6666667,9.366666667
751,2022-11-16 15:30:00+00:00,0.0,12.0,210.3333333,8.033333333
752,2022-11-16 16:00:00+00:00,0.0,0.0,181.3333333,6.233333333
753,2022-11-16 16:30:00+00:00,0.0,0.0,163.0,4.333333333
754,2022-11-16 17:00:00+00:00,0.0,0.0,151.6666667,2.866666667
755,2022-11-16 17:30:00+00:00,0.0,0.0,146.6666667,2.866666667
756,2022-11-16 18:00:00+00:00,0.0,0.0,160.3333333,3.466666667
757,2022-11-16 18:30:00+00:00,0.0,0.0,139.6666667,3.0
758,2022-11-16 19:00:00+00:00,0.0,0.0,179.6666667,5.166666667
759,2022-11-16 19:30:00+00:00,0.0,0.0,158.0,4.566666667
760,2022-11-16 20:00:00+00:00,0.0,0.0,162.3333333,3.966666667
761,2022-11-16 20:30:00+00:00,0.0,0.0,149.0,4.8
762,2022-11-16 21:00:00+00:00,0.0,0.0,148.0,2.866666667
763,2022-11-16 21:30:00+00:00,0.0,0.0,120.6666667,1.066666667
764,2022-11-16 22:00:00+00:00,0.0,0.0,211.6666667,1.333333333
765,2022-11-16 22:30:00+00:00,0.0,0.0,197.3333333,0.966666667
766,2022-11-16 23:00:00+00:00,0.0,0.0,139.3333333,1.433333333
767,2022-11-16 23:30:00+00:00,0.0,0.0,119.3333333,5.866666667
768,2022-11-17 00:00:00+00:00,0.0,0.0,212.3333333,6.466666667
769,2022-11-17 00:30:00+00:00,0.0,0.0,84.0,4.566666667
770,2022-11-17 01:00:00+00:00,0.0,0.0,164.3333333,4.333333333
771,2022-11-17 01:30:00+00:00,0.0,0.0,198.3333333,6.366666667
772,2022-11-17 02:00:00+00:00,0.0,0.0,184.3333333,9.033333333
773,2022-11-17 02:30:00+00:00,0.0,0.0,149.6666667,3.7
774,2022-11-17 03:00:00+00:00,0.0,0.0,252.3333333,7.333333333
775,2022-11-17 03:30:00+00:00,0.5,0.0,78.0,1.933333333
776,2022-11-17 04:00:00+00:00,0.1,0.0,170.3333333,3.733333333
777,2022-11-17 04:30:00+00:00,0.0,0.0,169.3333333,5.766666667
778,2022-11-17 05:00:00+00:00,0.0,0.0,192.0,5.4
779,2022-11-17 05:30:00+00:00,0.0,0.0,240.6666667,14.4
780,2022-11-17 06:00:00+00:00,0.0,0.0,251.0,15.96666667
781,2022-11-17 06:30:00+00:00,0.0,0.0,255.3333333,15.46666667
782,2022-11-17 07:00:00+00:00,0.0,0.0,242.3333333,11.13333333
783,2022-11-17 07:30:00+00:00,0.0,9.0,208.0,11.76666667
784,2022-11-17 08:00:00+00:00,0.0,30.0,193.6666667,16.1
785,2022-11-17 08:30:00+00:00,0.0,30.0,230.3333333,28.56666667
786,2022-11-17 09:00:00+00:00,0.0,23.0,239.3333333,29.63333333
787,2022-11-17 09:30:00+00:00,0.0,9.0,248.6666667,27.6
788,2022-11-17 10:00:00+00:00,0.0,0.0,244.0,26.16666667
789,2022-11-17 10:30:00+00:00,0.0,2.0,245.6666667,31.33333333
790,2022-11-17 11:00:00+00:00,0.0,4.0,242.0,28.2
791,2022-11-17 11:30:00+00:00,0.0,1.0,243.0,32.53333333
792,2022-11-17 12:00:00+00:00,0.0,7.0,244.0,28.1
793,2022-11-17 12:30:00+00:00,0.1,0.0,242.3333333,18.73333333
794,2022-11-17 13:00:00+00:00,0.0,0.0,246.3333333,21.46666667
795,2022-11-17 13:30:00+00:00,0.0,8.0,247.0,20.53333333
796,2022-11-17 14:00:00+00:00,0.0,1.0,250.3333333,19.06666667
797,2022-11-17 14:30:00+00:00,0.0,0.0,249.3333333,18.73333333
798,2022-11-17 15:00:00+00:00,0.0,0.0,249.6666667,24.36666667
799,2022-11-17 15:30:00+00:00,0.0,0.0,237.6666667,24.03333333
800,2022-11-17 16:00:00+00:00,0.0,0.0,222.6666667,19.56666667
801,2022-11-17 16:30:00+00:00,0.0,0.0,215.3333333,12.83333333
802,2022-11-17 17:00:00+00:00,0.0,0.0,224.6666667,5.533333333
803,2022-11-17 17:30:00+00:00,0.0,0.0,128.6666667,5.633333333
804,2022-11-17 18:00:00+00:00,0.0,0.0,148.6666667,6.833333333
805,2022-11-17 18:30:00+00:00,0.0,0.0,300.3333333,6.733333333
806,2022-11-17 19:00:00+00:00,0.0,0.0,297.0,6.466666667
807,2022-11-17 19:30:00+00:00,0.3,0.0,321.0,9.133333333
808,2022-11-17 20:00:00+00:00,1.7,0.0,293.6666667,12.13333333
809,2022-11-17 20:30:00+00:00,1.7,0.0,271.3333333,9.933333333
810,2022-11-17 21:00:00+00:00,1.1,0.0,236.0,9.366666667
811,2022-11-17 21:30:00+00:00,4.0,0.0,245.6666667,20.16666667
812,2022-11-17 22:00:00+00:00,1.6,0.0,253.3333333,14.76666667
813,2022-11-17 22:30:00+00:00,0.4,0.0,226.0,5.5
814,2022-11-17 23:00:00+00:00,0.3,0.0,148.3333333,3.033333333
815,2022-11-17 23:30:00+00:00,0.1,0.0,144.3333333,1.433333333
816,2022-11-18 00:00:00+00:00,0.7,0.0,192.0,2.4
817,2022-11-18 00:30:00+00:00,1.5,0.0,208.0,3.633333333
818,2022-11-18 01:00:00+00:00,2.9,0.0,226.0,11.06666667
819,2022-11-18 01:30:00+00:00,1.8,0.0,229.0,19.9
820,2022-11-18 02:00:00+00:00,1.2,0.0,219.3333333,18.1
821,2022-11-18 02:30:00+00:00,0.0,0.0,225.3333333,18.33333333
822,2022-11-18 03:00:00+00:00,0.0,0.0,222.6666667,17.73333333
823,2022-11-18 03:30:00+00:00,0.4,0.0,231.3333333,17.03333333
824,2022-11-18 04:00:00+00:00,0.0,0.0,225.3333333,15.46666667
825,2022-11-18 04:30:00+00:00,0.0,0.0,238.0,19.83333333
826,2022-11-18 05:00:00+00:00,1.0,0.0,244.0,19.2
827,2022-11-18 05:30:00+00:00,0.0,0.0,248.3333333,18.03333333
828,2022-11-18 06:00:00+00:00,0.1,0.0,251.3333333,13.66666667
829,2022-11-18 06:30:00+00:00,2.1,0.0,257.6666667,22.1
830,2022-11-18 07:00:00+00:00,0.0,0.0,265.6666667,12.13333333
831,2022-11-18 07:30:00+00:00,0.0,0.0,250.3333333,9.1
832,2022-11-18 08:00:00+00:00,0.1,0.0,244.6666667,12.23333333
833,2022-11-18 08:30:00+00:00,0.3,0.0,248.0,13.56666667
834,2022-11-18 09:00:00+00:00,0.0,0.0,231.3333333,14.76666667
835,2022-11-18 09:30:00+00:00,0.0,0.0,235.3333333,17.66666667
836,2022-11-18 10:00:00+00:00,0.0,0.0,229.3333333,19.1
837,2022-11-18 10:30:00+00:00,0.0,0.0,234.6666667,17.66666667
838,2022-11-18 11:00:00+00:00,0.0,0.0,234.6666667,15.36666667
839,2022-11-18 11:30:00+00:00,0.1,3.0,245.0,16.3
840,2022-11-18 12:00:00+00:00,0.0,1.0,245.0,15.6
841,2022-11-18 12:30:00+00:00,0.0,0.0,243.3333333,16.3
842,2022-11-18 13:00:00+00:00,0.7,0.0,252.3333333,12.63333333
843,2022-11-18 13:30:00+00:00,0.0,0.0,232.3333333,13.56666667
844,2022-11-18 14:00:00+00:00,0.1,0.0,242.0,21.13333333
845,2022-11-18 14:30:00+00:00,0.0,4.0,241.0,13.06666667
846,2022-11-18 15:00:00+00:00,0.2,0.0,253.6666667,15.6
847,2022-11-18 15:30:00+00:00,0.3,0.0,256.6666667,14.86666667
848,2022-11-18 16:00:00+00:00,0.3,0.0,255.6666667,12.96666667
849,2022-11-18 16:30:00+00:00,0.0,0.0,230.6666667,7.3
850,2022-11-18 17:00:00+00:00,0.0,0.0,250.0,8.533333333
851,2022-11-18 17:30:00+00:00,0.0,0.0,231.0,8.266666667
852,2022-11-18 18:00:00+00:00,0.0,0.0,228.6666667,7.566666667
853,2022-11-18 18:30:00+00:00,0.0,0.0,246.0,7.566666667
854,2022-11-18 19:00:00+00:00,0.0,0.0,220.0,7.933333333
855,2022-11-18 19:30:00+00:00,0.0,0.0,202.0,6.133333333
856,2022-11-18 20:00:00+00:00,0.0,0.0,246.6666667,9.6
857,2022-11-18 20:30:00+00:00,0.0,0.0,243.0,11.36666667
858,2022-11-18 21:00:00+00:00,0.0,0.0,239.3333333,7.8
859,2022-11-18 21:30:00+00:00,0.0,0.0,211.0,4.666666667
860,2022-11-18 22:00:00+00:00,0.0,0.0,216.6666667,4.666666667
861,2022-11-18 22:30:00+00:00,0.0,0.0,212.6666667,5.6
862,2022-11-18 23:00:00+00:00,0.0,0.0,246.3333333,4.8
863,2022-11-18 23:30:00+00:00,0.0,0.0,266.6666667,8.533333333
864,2022-11-19 00:00:00+00:00,0.1,0.0,240.3333333,5.266666667
865,2022-11-19 00:30:00+00:00,0.1,0.0,183.6666667,5.633333333
866,2022-11-19 01:00:00+00:00,0.0,0.0,179.6666667,2.9
867,2022-11-19 01:30:00+00:00,0.0,0.0,100.6666667,1.066666667
868,2022-11-19 02:00:00+00:00,0.0,0.0,197.6666667,4.433333333
869,2022-11-19 02:30:00+00:00,0.0,0.0,225.3333333,4.7
870,2022-11-19 03:00:00+00:00,0.0,0.0,237.3333333,6.7
871,2022-11-19 03:30:00+00:00,0.0,0.0,233.6666667,5.5
872,2022-11-19 04:00:00+00:00,0.0,0.0,216.6666667,2.5
873,2022-11-19 04:30:00+00:00,0.0,0.0,216.0,3.833333333
874,2022-11-19 05:00:00+00:00,0.0,0.0,119.6666667,1.9
875,2022-11-19 05:30:00+00:00,0.0,0.0,54.0,4.8
876,2022-11-19 06:00:00+00:00,0.0,0.0,71.0,2.133333333
877,2022-11-19 06:30:00+00:00,0.0,0.0,243.6666667,1.2
878,2022-11-19 07:00:00+00:00,0.0,0.0,239.3333333,1.8
879,2022-11-19 07:30:00+00:00,0.0,0.0,319.3333333,2.9
880,2022-11-19 08:00:00+00:00,0.0,0.0,311.0,2.966666667
881,2022-11-19 08:30:00+00:00,0.0,11.0,279.6666667,3.366666667
882,2022-11-19 09:00:00+00:00,0.0,29.0,241.3333333,5.733333333
883,2022-11-19 09:30:00+00:00,0.0,29.0,232.0,5.4
884,2022-11-19 10:00:00+00:00,0.0,16.0,238.0,5.5
885,2022-11-19 10:30:00+00:00,0.0,1.0,278.0,6.833333333
886,2022-11-19 11:00:00+00:00,0.0,6.0,283.3333333,5.766666667
887,2022-11-19 11:30:00+00:00,0.0,1.0,272.6666667,5.4
888,2022-11-19 12:00:00+00:00,0.0,24.0,254.3333333,6.6
889,2022-11-19 12:30:00+00:00,0.0,11.0,237.3333333,8.9
890,2022-11-19 13:00:00+00:00,0.0,6.0,269.0,9.833333333
891,2022-11-19 13:30:00+00:00,0.0,12.0,265.3333333,8.266666667
892,2022-11-19 14:00:00+00:00,0.0,0.0,226.3333333,5.8
893,2022-11-19 14:30:00+00:00,0.0,18.0,208.6666667,5.766666667
894,2022-11-19 15:00:00+00:00,0.0,0.0,218.6666667,6.5
895,2022-11-19 15:30:00+00:00,0.0,0.0,250.5,4.9
896,2022-11-19 16:00:00+00:00,0.0,0.0,296.3333333,3.6
897,2022-11-19 16:30:00+00:00,0.0,0.0,251.6666667,1.066666667
898,2022-11-19 17:00:00+00:00,0.0,0.0,281.0,3.7
899,2022-11-19 17:30:00+00:00,0.0,0.0,266.6666667,3.6
900,2022-11-19 18:00:00+00:00,0.0,0.0,280.6666667,3.966666667
901,2022-11-19 18:30:00+00:00,0.0,0.0,282.0,4.3
902,2022-11-19 19:00:00+00:00,0.0,0.0,291.3333333,5.266666667
903,2022-11-19 19:30:00+00:00,0.0,0.0,280.6666667,8.066666667
904,2022-11-19 20:00:00+00:00,0.0,0.0,284.0,8.633333333
905,2022-11-19 20:30:00+00:00,0.0,0.0,288.0,5.633333333
906,2022-11-19 21:00:00+00:00,0.0,0.0,270.0,3.933333333
907,2022-11-19 21:30:00+00:00,0.0,0.0,294.0,5.633333333
908,2022-11-19 22:00:00+00:00,0.0,0.0,284.6666667,4.666666667
909,2022-11-19 22:30:00+00:00,0.0,0.0,278.3333333,4.066666667
910,2022-11-19 23:00:00+00:00,0.0,0.0,282.6666667,3.6
911,2022-11-19 23:30:00+00:00,0.0,0.0,281.0,4.333333333
912,2022-11-20 00:00:00+00:00,0.0,0.0,291.6666667,2.766666667
913,2022-11-20 00:30:00+00:00,0.0,0.0,261.3333333,4.666666667
914,2022-11-20 01:00:00+00:00,0.0,0.0,239.6666667,5.5
915,2022-11-20 01:30:00+00:00,0.0,0.0,253.0,7.8
916,2022-11-20 02:00:00+00:00,0.0,0.0,280.3333333,6.733333333
917,2022-11-20 02:30:00+00:00,0.0,0.0,271.0,5.4
918,2022-11-20 03:00:00+00:00,0.0,0.0,248.6666667,5.433333333
919,2022-11-20 03:30:00+00:00,0.0,0.0,256.3333333,5.9
920,2022-11-20 04:00:00+00:00,0.0,0.0,254.6666667,6.466666667
921,2022-11-20 04:30:00+00:00,0.0,0.0,247.6666667,5.033333333
922,2022-11-20 05:00:00+00:00,0.0,0.0,218.6666667,3.8
923,2022-11-20 05:30:00+00:00,0.0,0.0,227.3333333,6.233333333
924,2022-11-20 06:00:00+00:00,0.0,0.0,210.3333333,5.4
925,2022-11-20 06:30:00+00:00,0.0,0.0,218.0,7.2
926,2022-11-20 07:00:00+00:00,0.0,0.0,233.6666667,6.033333333
927,2022-11-20 07:30:00+00:00,0.0,0.0,232.6666667,7.9
928,2022-11-20 08:00:00+00:00,0.0,0.0,230.6666667,10.93333333
929,2022-11-20 08:30:00+00:00,0.0,2.0,232.6666667,14.03333333
930,2022-11-20 09:00:00+00:00,0.0,0.0,223.6666667,13.33333333
931,2022-11-20 09:30:00+00:00,0.0,0.0,215.6666667,10.93333333
932,2022-11-20 10:00:00+00:00,0.0,0.0,213.6666667,11.03333333
933,2022-11-20 10:30:00+00:00,0.0,0.0,214.6666667,14.63333333
934,2022-11-20 11:00:00+00:00,0.0,4.0,223.6666667,14.63333333
935,2022-11-20 11:30:00+00:00,0.0,0.0,220.3333333,12.5
936,2022-11-20 12:00:00+00:00,0.0,4.0,232.0,13.3
937,2022-11-20 12:30:00+00:00,0.0,9.0,244.6666667,15.23333333
938,2022-11-20 13:00:00+00:00,0.0,6.0,237.0,11.5
939,2022-11-20 13:30:00+00:00,0.0,4.0,219.0,13.06666667
940,2022-11-20 14:00:00+00:00,0.0,8.0,227.0,13.76666667
941,2022-11-20 14:30:00+00:00,0.0,7.0,244.0,9.5
942,2022-11-20 15:00:00+00:00,0.0,15.0,232.3333333,11.03333333
943,2022-11-20 15:30:00+00:00,0.0,22.0,242.0,9.733333333
944,2022-11-20 16:00:00+00:00,0.0,0.0,223.6666667,8.766666667
945,2022-11-20 16:30:00+00:00,0.0,0.0,225.0,11.63333333
946,2022-11-20 17:00:00+00:00,0.0,0.0,230.6666667,10.93333333
947,2022-11-20 17:30:00+00:00,0.0,0.0,226.6666667,11.66666667
948,2022-11-20 18:00:00+00:00,0.0,0.0,223.6666667,15.6
949,2022-11-20 18:30:00+00:00,0.0,0.0,223.6666667,14.16666667
950,2022-11-20 19:00:00+00:00,0.0,0.0,230.6666667,18.56666667
951,2022-11-20 19:30:00+00:00,0.2,0.0,239.6666667,24.6
952,2022-11-20 20:00:00+00:00,0.4,0.0,243.0,25.3
953,2022-11-20 20:30:00+00:00,1.0,0.0,236.3333333,18.23333333
954,2022-11-20 21:00:00+00:00,0.6,0.0,230.0,15.86666667
955,2022-11-20 21:30:00+00:00,0.3,0.0,227.3333333,22.83333333
956,2022-11-20 22:00:00+00:00,0.5,0.0,239.0,20.53333333
957,2022-11-20 22:30:00+00:00,0.2,0.0,244.6666667,22.1
958,2022-11-20 23:00:00+00:00,0.2,0.0,240.3333333,26.36666667
959,2022-11-20 23:30:00+00:00,0.0,0.0,237.0,24.03333333
960,2022-11-21 00:00:00+00:00,0.0,0.0,234.3333333,23.86666667
961,2022-11-21 00:30:00+00:00,0.0,0.0,240.6666667,28.33333333
962,2022-11-21 01:00:00+00:00,0.0,0.0,235.6666667,27.13333333
963,2022-11-21 01:30:00+00:00,0.0,0.0,239.3333333,21.6
964,2022-11-21 02:00:00+00:00,0.0,0.0,231.6666667,14.86666667
965,2022-11-21 02:30:00+00:00,0.0,0.0,230.3333333,19.43333333
966,2022-11-21 03:00:00+00:00,0.0,0.0,227.3333333,20.53333333
967,2022-11-21 03:30:00+00:00,0.1,0.0,233.6666667,23.96666667
968,2022-11-21 04:00:00+00:00,0.1,0.0,241.6666667,26.4
969,2022-11-21 04:30:00+00:00,0.0,0.0,246.0,21.96666667
970,2022-11-21 05:00:00+00:00,0.0,0.0,244.3333333,23.3
971,2022-11-21 05:30:00+00:00,0.0,0.0,242.0,22.9
972,2022-11-21 06:00:00+00:00,0.0,0.0,246.0,22.43333333
973,2022-11-21 06:30:00+00:00,0.0,0.0,240.3333333,19.56666667
974,2022-11-21 07:00:00+00:00,0.0,0.0,235.0,18.46666667
975,2022-11-21 07:30:00+00:00,0.0,0.0,237.0,17.9
976,2022-11-21 08:00:00+00:00,0.0,0.0,240.6666667,14.3
977,2022-11-21 08:30:00+00:00,0.0,14.0,243.0,18.4
978,2022-11-21 09:00:00+00:00,0.0,13.0,255.0,11.3
979,2022-11-21 09:30:00+00:00,0.0,21.0,252.3333333,14.03333333
980,2022-11-21 10:00:00+00:00,0.0,19.0,246.4166667,12.86666667
981,2022-11-21 10:30:00+00:00,0.0,17.0,240.5,11.7
982,2022-11-21 11:00:00+00:00,0.0,21.0,237.6666667,9.733333333
983,2022-11-21 11:30:00+00:00,0.0,25.0,206.3333333,8.5
984,2022-11-21 12:00:00+00:00,0.0,30.0,197.0,7.533333333
985,2022-11-21 12:30:00+00:00,0.0,21.0,179.6666667,3.833333333
986,2022-11-21 13:00:00+00:00,0.0,13.0,149.6666667,3.466666667
987,2022-11-21 13:30:00+00:00,0.0,5.0,115.6666667,7.666666667
988,2022-11-21 14:00:00+00:00,0.0,10.0,85.66666667,6.366666667
989,2022-11-21 14:30:00+00:00,0.0,0.0,75.66666667,4.2
990,2022-11-21 15:00:00+00:00,0.0,0.0,84.66666667,3.5
991,2022-11-21 15:30:00+00:00,0.0,0.0,83.0,3.833333333
992,2022-11-21 16:00:00+00:00,0.0,0.0,37.0,5.166666667
993,2022-11-21 16:30:00+00:00,0.0,0.0,32.0,7.466666667
994,2022-11-21 17:00:00+00:00,0.0,0.0,27.33333333,7.933333333
995,2022-11-21 17:30:00+00:00,0.0,0.0,39.33333333,8.033333333
996,2022-11-21 18:00:00+00:00,0.0,0.0,46.66666667,7.9
997,2022-11-21 18:30:00+00:00,0.0,0.0,279.6666667,7.2
998,2022-11-21 19:00:00+00:00,0.0,0.0,278.6666667,4.533333333
999,2022-11-21 19:30:00+00:00,0.0,0.0,266.0,3.233333333
1000,2022-11-21 20:00:00+00:00,0.0,0.0,258.6666667,10.9
1001,2022-11-21 20:30:00+00:00,0.1,0.0,259.3333333,8.5
1002,2022-11-21 21:00:00+00:00,0.1,0.0,289.3333333,4.466666667
1003,2022-11-21 21:30:00+00:00,0.0,0.0,272.6666667,4.333333333
1004,2022-11-21 22:00:00+00:00,0.0,0.0,320.6666667,4.333333333
1005,2022-11-21 22:30:00+00:00,0.4,0.0,286.0,3.466666667
1006,2022-11-21 23:00:00+00:00,0.1,0.0,273.0,3.733333333
1007,2022-11-21 23:30:00+00:00,0.1,0.0,189.6666667,4.433333333
1008,2022-11-22 00:00:00+00:00,0.0,0.0,190.0,2.866666667
1009,2022-11-22 00:30:00+00:00,0.3,0.0,207.3333333,2.5
1010,2022-11-22 01:00:00+00:00,0.0,0.0,185.6666667,6.366666667
1011,2022-11-22 01:30:00+00:00,0.0,0.0,186.3333333,7.566666667
1012,2022-11-22 02:00:00+00:00,0.0,0.0,214.6666667,4.9
1013,2022-11-22 02:30:00+00:00,0.0,0.0,218.0,9.833333333
1014,2022-11-22 03:00:00+00:00,0.0,0.0,221.6666667,9.6
1015,2022-11-22 03:30:00+00:00,0.0,0.0,230.0,9.966666667
1016,2022-11-22 04:00:00+00:00,0.0,0.0,244.6666667,10.8
1017,2022-11-22 04:30:00+00:00,0.0,0.0,237.6666667,8.766666667
1018,2022-11-22 05:00:00+00:00,0.0,0.0,231.0,10.8
1019,2022-11-22 05:30:00+00:00,0.0,0.0,215.0,10.7
1020,2022-11-22 06:00:00+00:00,0.0,0.0,210.6666667,9.733333333
1021,2022-11-22 06:30:00+00:00,0.0,0.0,223.6666667,9.966666667
1022,2022-11-22 07:00:00+00:00,0.0,0.0,216.6666667,11.3
1023,2022-11-22 07:30:00+00:00,0.0,0.0,226.0,10.56666667
1024,2022-11-22 08:00:00+00:00,0.0,0.0,225.3333333,11.03333333
1025,2022-11-22 08:30:00+00:00,0.0,0.0,235.0,10.43333333
1026,2022-11-22 09:00:00+00:00,0.0,0.0,240.3333333,12.96666667
1027,2022-11-22 09:30:00+00:00,0.1,0.0,239.0,13.53333333
1028,2022-11-22 10:00:00+00:00,0.0,0.0,240.3333333,17.03333333
1029,2022-11-22 10:30:00+00:00,0.0,0.0,241.6666667,12.36666667
1030,2022-11-22 11:00:00+00:00,0.0,0.0,243.3333333,11.16666667
1031,2022-11-22 11:30:00+00:00,0.0,0.0,241.0,15.6
1032,2022-11-22 12:00:00+00:00,0.0,0.0,247.3333333,16.33333333
1033,2022-11-22 12:30:00+00:00,0.0,0.0,243.6666667,14.63333333
1034,2022-11-22 13:00:00+00:00,0.0,0.0,236.6666667,14.53333333
1035,2022-11-22 13:30:00+00:00,0.0,0.0,240.0,14.86666667
1036,2022-11-22 14:00:00+00:00,0.0,0.0,244.0,15.13333333
1037,2022-11-22 14:30:00+00:00,0.0,0.0,246.3333333,13.9
1038,2022-11-22 15:00:00+00:00,0.0,0.0,243.0,15.03333333
1039,2022-11-22 15:30:00+00:00,0.0,0.0,236.6666667,18.36666667
1040,2022-11-22 16:00:00+00:00,0.0,0.0,226.0,12.83333333
1041,2022-11-22 16:30:00+00:00,0.0,0.0,237.3333333,15.46666667
1042,2022-11-22 17:00:00+00:00,0.0,0.0,237.3333333,19.2
1043,2022-11-22 17:30:00+00:00,0.0,0.0,239.3333333,19.33333333
1044,2022-11-22 18:00:00+00:00,0.0,0.0,234.0,18.7
1045,2022-11-22 18:30:00+00:00,0.0,0.0,241.0,16.2
1046,2022-11-22 19:00:00+00:00,0.0,0.0,238.6666667,13.06666667
1047,2022-11-22 19:30:00+00:00,0.0,0.0,248.0,9.133333333
1048,2022-11-22 20:00:00+00:00,0.0,0.0,249.3333333,9.466666667
1049,2022-11-22 20:30:00+00:00,0.0,0.0,239.3333333,12.1
1050,2022-11-22 21:00:00+00:00,0.0,0.0,239.3333333,12.13333333
1051,2022-11-22 21:30:00+00:00,0.0,0.0,252.6666667,9.366666667
1052,2022-11-22 22:00:00+00:00,0.0,0.0,256.3333333,10.76666667
1053,2022-11-22 22:30:00+00:00,0.0,0.0,253.3333333,8.966666667
1054,2022-11-22 23:00:00+00:00,0.0,0.0,259.3333333,6.366666667
1055,2022-11-22 23:30:00+00:00,0.0,0.0,261.3333333,10.8
1056,2022-11-23 00:00:00+00:00,0.0,0.0,275.0,6.1
1057,2022-11-23 00:30:00+00:00,0.0,0.0,271.0,3.0
1058,2022-11-23 01:00:00+00:00,0.0,0.0,251.0,3.833333333
1059,2022-11-23 01:30:00+00:00,0.0,0.0,230.6666667,4.566666667
1060,2022-11-23 02:00:00+00:00,0.0,0.0,222.3333333,5.9
1061,2022-11-23 02:30:00+00:00,0.0,0.0,205.0,5.3
1062,2022-11-23 03:00:00+00:00,0.0,0.0,230.6666667,5.4
1063,2022-11-23 03:30:00+00:00,0.0,0.0,160.0,4.066666667
1064,2022-11-23 04:00:00+00:00,0.0,0.0,145.0,3.5
1065,2022-11-23 04:30:00+00:00,0.0,0.0,96.33333333,3.1
1066,2022-11-23 05:00:00+00:00,0.0,0.0,141.6666667,3.266666667
1067,2022-11-23 05:30:00+00:00,0.0,0.0,147.0,3.0
1068,2022-11-23 06:00:00+00:00,0.0,0.0,109.0,2.166666667
1069,2022-11-23 06:30:00+00:00,0.0,0.0,163.6666667,3.833333333
1070,2022-11-23 07:00:00+00:00,0.0,0.0,165.0,3.233333333
1071,2022-11-23 07:30:00+00:00,0.0,1.0,151.6666667,3.0
1072,2022-11-23 08:00:00+00:00,0.0,30.0,196.0,2.533333333
1073,2022-11-23 08:30:00+00:00,0.0,30.0,114.0,2.766666667
1074,2022-11-23 09:00:00+00:00,0.0,30.0,177.0,2.9
1075,2022-11-23 09:30:00+00:00,0.0,30.0,216.6666667,3.833333333
1076,2022-11-23 10:00:00+00:00,0.0,30.0,216.0,3.733333333
1077,2022-11-23 10:30:00+00:00,0.0,30.0,189.6666667,3.266666667
1078,2022-11-23 11:00:00+00:00,0.0,30.0,210.3333333,4.8
1079,2022-11-23 11:30:00+00:00,0.0,30.0,173.6666667,3.833333333
1080,2022-11-23 12:00:00+00:00,0.0,30.0,217.3333333,4.066666667
1081,2022-11-23 12:30:00+00:00,0.0,30.0,211.0,5.533333333
1082,2022-11-23 13:00:00+00:00,0.0,20.0,196.0,5.95
1083,2022-11-23 13:30:00+00:00,0.0,3.0,207.3333333,4.666666667
1084,2022-11-23 14:00:00+00:00,0.0,0.0,196.5,4.9
1085,2022-11-23 14:30:00+00:00,0.0,0.0,193.6666667,5.3
1086,2022-11-23 15:00:00+00:00,0.0,0.0,193.0,5.033333333
1087,2022-11-23 15:30:00+00:00,0.0,0.0,186.0,4.566666667
1088,2022-11-23 16:00:00+00:00,0.0,0.0,195.6666667,4.7
1089,2022-11-23 16:30:00+00:00,0.1,0.0,228.3333333,8.5
1090,2022-11-23 17:00:00+00:00,0.5,0.0,222.0,10.66666667
1091,2022-11-23 17:30:00+00:00,0.3,0.0,232.6666667,18.0
1092,2022-11-23 18:00:00+00:00,0.1,0.0,221.3333333,23.63333333
1093,2022-11-23 18:30:00+00:00,0.2,0.0,220.3333333,23.76666667
1094,2022-11-23 19:00:00+00:00,0.4,0.0,221.3333333,23.4
1095,2022-11-23 19:30:00+00:00,0.0,0.0,225.3333333,25.46666667
1096,2022-11-23 20:00:00+00:00,0.0,0.0,230.0,21.6
1097,2022-11-23 20:30:00+00:00,0.0,0.0,229.0,16.93333333
1098,2022-11-23 21:00:00+00:00,0.0,0.0,229.6666667,17.86666667
1099,2022-11-23 21:30:00+00:00,1.6,0.0,254.0,11.63333333
1100,2022-11-23 22:00:00+00:00,1.5,0.0,263.3333333,12.0
1101,2022-11-23 22:30:00+00:00,0.3,0.0,230.6666667,8.766666667
1102,2022-11-23 23:00:00+00:00,0.0,0.0,262.3333333,4.566666667
1103,2022-11-23 23:30:00+00:00,0.0,0.0,233.0,10.43333333
1104,2022-11-24 00:00:00+00:00,0.0,0.0,224.0,16.43333333
1105,2022-11-24 00:30:00+00:00,0.0,0.0,224.6666667,15.86666667
1106,2022-11-24 01:00:00+00:00,0.0,0.0,235.6666667,16.46666667
1107,2022-11-24 01:30:00+00:00,0.1,0.0,232.0,22.43333333
1108,2022-11-24 02:00:00+00:00,0.0,0.0,243.3333333,19.9
1109,2022-11-24 02:30:00+00:00,0.0,0.0,240.0,20.86666667
1110,2022-11-24 03:00:00+00:00,0.0,0.0,233.6666667,21.6
1111,2022-11-24 03:30:00+00:00,0.0,0.0,233.0,19.43333333
1112,2022-11-24 04:00:00+00:00,0.0,0.0,234.6666667,19.2
1113,2022-11-24 04:30:00+00:00,0.0,0.0,234.3333333,19.9
1114,2022-11-24 05:00:00+00:00,0.0,0.0,237.3333333,20.86666667
1115,2022-11-24 05:30:00+00:00,0.0,0.0,240.3333333,22.33333333
1116,2022-11-24 06:00:00+00:00,0.0,0.0,239.0,18.36666667
1117,2022-11-24 06:30:00+00:00,0.0,0.0,228.6666667,22.53333333
1118,2022-11-24 07:00:00+00:00,0.0,0.0,234.0,26.3
1119,2022-11-24 07:30:00+00:00,0.0,0.0,232.3333333,23.76666667
1120,2022-11-24 08:00:00+00:00,0.0,0.0,241.3333333,25.8
1121,2022-11-24 08:30:00+00:00,0.2,6.0,246.6666667,19.2
1122,2022-11-24 09:00:00+00:00,1.0,0.0,254.3333333,17.76666667
1123,2022-11-24 09:30:00+00:00,0.6,0.0,248.6666667,20.53333333
1124,2022-11-24 10:00:00+00:00,0.1,2.0,240.0,26.4
1125,2022-11-24 10:30:00+00:00,0.0,19.0,237.0,24.15
1126,2022-11-24 11:00:00+00:00,0.0,21.0,233.3333333,22.06666667
1127,2022-11-24 11:30:00+00:00,0.0,11.0,234.3333333,21.36666667
1128,2022-11-24 12:00:00+00:00,0.1,4.0,246.3333333,16.56666667
1129,2022-11-24 12:30:00+00:00,0.0,6.0,247.6666667,16.33333333
1130,2022-11-24 13:00:00+00:00,0.0,28.0,229.0,15.83333333
1131,2022-11-24 13:30:00+00:00,0.0,18.0,226.3333333,14.86666667
1132,2022-11-24 14:00:00+00:00,0.0,17.0,219.6666667,15.7
1133,2022-11-24 14:30:00+00:00,0.0,30.0,210.3333333,19.1
1134,2022-11-24 15:00:00+00:00,0.0,10.0,225.6666667,15.73333333
1135,2022-11-24 15:30:00+00:00,0.0,5.0,203.3333333,8.533333333
1136,2022-11-24 16:00:00+00:00,0.0,0.0,162.3333333,5.766666667
1137,2022-11-24 16:30:00+00:00,0.0,0.0,150.3333333,6.566666667
1138,2022-11-24 17:00:00+00:00,0.0,0.0,161.3333333,4.7
1139,2022-11-24 17:30:00+00:00,0.0,0.0,174.6666667,4.066666667
1140,2022-11-24 18:00:00+00:00,0.0,0.0,160.3333333,2.633333333
1141,2022-11-24 18:30:00+00:00,0.0,0.0,183.6666667,4.666666667
1142,2022-11-24 19:00:00+00:00,0.0,0.0,185.0,5.866666667
1143,2022-11-24 19:30:00+00:00,0.0,0.0,183.3333333,2.633333333
1144,2022-11-24 20:00:00+00:00,0.0,0.0,144.3333333,1.433333333
1145,2022-11-24 20:30:00+00:00,0.0,0.0,131.3333333,1.433333333
1146,2022-11-24 21:00:00+00:00,0.0,0.0,143.6666667,2.3
1147,2022-11-24 21:30:00+00:00,0.0,0.0,103.3333333,2.733333333
1148,2022-11-24 22:00:00+00:00,0.0,0.0,120.3333333,1.566666667
1149,2022-11-24 22:30:00+00:00,0.0,0.0,165.0,2.3
1150,2022-11-24 23:00:00+00:00,0.0,0.0,132.3333333,0.6
1151,2022-11-24 23:30:00+00:00,0.0,0.0,75.33333333,2.733333333
1152,2022-11-25 00:00:00+00:00,0.0,0.0,240.6666667,2.3
1153,2022-11-25 00:30:00+00:00,0.0,0.0,312.6666667,2.266666667
1154,2022-11-25 01:00:00+00:00,0.0,0.0,206.6666667,2.166666667
1155,2022-11-25 01:30:00+00:00,0.0,0.0,76.66666667,2.9
1156,2022-11-25 02:00:00+00:00,0.0,0.0,175.3333333,2.766666667
1157,2022-11-25 02:30:00+00:00,0.0,0.0,164.6666667,3.733333333
1158,2022-11-25 03:00:00+00:00,0.0,0.0,186.6666667,5.633333333
1159,2022-11-25 03:30:00+00:00,0.0,0.0,173.3333333,5.166666667
1160,2022-11-25 04:00:00+00:00,0.0,0.0,181.0,6.466666667
1161,2022-11-25 04:30:00+00:00,0.0,0.0,233.3333333,2.733333333
1162,2022-11-25 05:00:00+00:00,0.0,0.0,298.3333333,2.866666667
1163,2022-11-25 05:30:00+00:00,0.0,0.0,275.6666667,2.066666667
1164,2022-11-25 06:00:00+00:00,0.0,0.0,191.6666667,1.566666667
1165,2022-11-25 06:30:00+00:00,0.0,0.0,202.0,1.933333333
1166,2022-11-25 07:00:00+00:00,0.0,0.0,224.6666667,1.9
1167,2022-11-25 07:30:00+00:00,0.0,0.0,112.6666667,1.066666667
1168,2022-11-25 08:00:00+00:00,0.0,0.0,141.0,1.066666667
1169,2022-11-25 08:30:00+00:00,0.0,0.0,171.0,1.2
1170,2022-11-25 09:00:00+00:00,0.0,0.0,213.3333333,2.3
1171,2022-11-25 09:30:00+00:00,0.0,0.0,218.3333333,1.433333333
1172,2022-11-25 10:00:00+00:00,0.0,0.0,232.6666667,2.633333333
1173,2022-11-25 10:30:00+00:00,0.0,0.0,198.6666667,3.0
1174,2022-11-25 11:00:00+00:00,0.2,0.0,193.3333333,4.2
1175,2022-11-25 11:30:00+00:00,0.2,0.0,174.6666667,5.733333333
1176,2022-11-25 12:00:00+00:00,0.0,0.0,202.6666667,7.2
1177,2022-11-25 12:30:00+00:00,0.0,0.0,239.0,4.333333333
1178,2022-11-25 13:00:00+00:00,0.0,0.0,274.6666667,6.966666667
1179,2022-11-25 13:30:00+00:00,0.0,0.0,271.6666667,8.5
1180,2022-11-25 14:00:00+00:00,0.0,0.0,277.6666667,7.8
1181,2022-11-25 14:30:00+00:00,0.1,0.0,268.0,7.666666667
1182,2022-11-25 15:00:00+00:00,0.0,0.0,273.6666667,6.6
1183,2022-11-25 15:30:00+00:00,0.0,0.0,279.0,7.3
1184,2022-11-25 16:00:00+00:00,0.0,0.0,271.6666667,7.933333333
1185,2022-11-25 16:30:00+00:00,0.0,0.0,271.0,5.766666667
1186,2022-11-25 17:00:00+00:00,0.0,0.0,252.0,5.533333333
1187,2022-11-25 17:30:00+00:00,0.0,0.0,270.3333333,5.633333333
1188,2022-11-25 18:00:00+00:00,0.0,0.0,163.0,3.7
1189,2022-11-25 18:30:00+00:00,0.0,0.0,96.33333333,0.966666667
1190,2022-11-25 19:00:00+00:00,0.0,0.0,255.3333333,2.0
1191,2022-11-25 19:30:00+00:00,0.0,0.0,187.6666667,3.233333333
1192,2022-11-25 20:00:00+00:00,0.0,0.0,186.6666667,3.1
1193,2022-11-25 20:30:00+00:00,0.0,0.0,198.6666667,1.333333333
1194,2022-11-25 21:00:00+00:00,0.0,0.0,227.3333333,0.733333333
1195,2022-11-25 21:30:00+00:00,0.0,0.0,132.6666667,1.433333333
1196,2022-11-25 22:00:00+00:00,0.4,0.0,243.3333333,3.7
1197,2022-11-25 22:30:00+00:00,0.1,0.0,228.0,2.266666667
1198,2022-11-25 23:00:00+00:00,0.0,0.0,283.3333333,1.2
1199,2022-11-25 23:30:00+00:00,0.0,0.0,291.3333333,2.3
1200,2022-11-26 00:00:00+00:00,0.0,0.0,311.3333333,2.866666667
1201,2022-11-26 00:30:00+00:00,0.0,0.0,281.0,2.533333333
1202,2022-11-26 01:00:00+00:00,0.0,0.0,127.6666667,2.266666667
1203,2022-11-26 01:30:00+00:00,0.0,0.0,270.3333333,1.433333333
1204,2022-11-26 02:00:00+00:00,0.0,0.0,310.3333333,3.7
1205,2022-11-26 02:30:00+00:00,0.0,0.0,219.6666667,1.2
1206,2022-11-26 03:00:00+00:00,0.0,0.0,295.6666667,1.8
1207,2022-11-26 03:30:00+00:00,0.0,0.0,306.0,4.9
1208,2022-11-26 04:00:00+00:00,0.0,0.0,291.3333333,2.666666667
1209,2022-11-26 04:30:00+00:00,0.0,0.0,164.6666667,1.1
1210,2022-11-26 05:00:00+00:00,0.0,0.0,157.3333333,2.266666667
1211,2022-11-26 05:30:00+00:00,0.0,0.0,166.3333333,3.0
1212,2022-11-26 06:00:00+00:00,0.0,0.0,147.6666667,2.4
1213,2022-11-26 06:30:00+00:00,0.0,0.0,90.0,3.133333333
1214,2022-11-26 07:00:00+00:00,0.0,0.0,61.66666667,3.233333333
1215,2022-11-26 07:30:00+00:00,0.0,0.0,119.6666667,2.166666667
1216,2022-11-26 08:00:00+00:00,0.0,0.0,235.6666667,0.6
1217,2022-11-26 08:30:00+00:00,0.0,0.0,264.0,1.433333333
1218,2022-11-26 09:00:00+00:00,0.0,0.0,102.6666667,1.2
1219,2022-11-26 09:30:00+00:00,0.0,1.0,197.6666667,2.3
1220,2022-11-26 10:00:00+00:00,0.0,24.0,169.3333333,3.966666667
1221,2022-11-26 10:30:00+00:00,0.0,0.0,84.0,3.566666667
1222,2022-11-26 11:00:00+00:00,0.0,0.0,82.0,1.9
1223,2022-11-26 11:30:00+00:00,0.0,2.0,60.66666667,1.666666667
1224,2022-11-26 12:00:00+00:00,0.0,1.0,54.66666667,3.833333333
1225,2022-11-26 12:30:00+00:00,0.0,7.0,55.66666667,3.933333333
1226,2022-11-26 13:00:00+00:00,0.0,16.0,43.66666667,5.033333333
1227,2022-11-26 13:30:00+00:00,0.0,18.0,55.0,3.6
1228,2022-11-26 14:00:00+00:00,0.0,22.0,63.33333333,3.266666667
1229,2022-11-26 14:30:00+00:00,0.0,27.0,33.0,3.933333333
1230,2022-11-26 15:00:00+00:00,0.0,21.0,42.0,4.566666667
1231,2022-11-26 15:30:00+00:00,0.0,13.0,28.66666667,6.733333333
1232,2022-11-26 16:00:00+00:00,0.0,0.0,29.0,8.166666667
1233,2022-11-26 16:30:00+00:00,0.0,0.0,35.0,9.1
1234,2022-11-26 17:00:00+00:00,0.0,0.0,45.33333333,10.83333333
1235,2022-11-26 17:30:00+00:00,0.0,0.0,51.66666667,11.16666667
1236,2022-11-26 18:00:00+00:00,0.0,0.0,57.0,12.36666667
1237,2022-11-26 18:30:00+00:00,0.0,0.0,54.33333333,11.03333333
1238,2022-11-26 19:00:00+00:00,0.0,0.0,60.66666667,6.7
1239,2022-11-26 19:30:00+00:00,0.0,0.0,50.0,7.233333333
1240,2022-11-26 20:00:00+00:00,0.0,0.0,76.0,4.566666667
1241,2022-11-26 20:30:00+00:00,0.0,0.0,67.33333333,1.433333333
1242,2022-11-26 21:00:00+00:00,0.0,0.0,52.33333333,2.166666667
1243,2022-11-26 21:30:00+00:00,0.0,0.0,83.0,3.6
1244,2022-11-26 22:00:00+00:00,0.0,0.0,139.0,2.266666667
1245,2022-11-26 22:30:00+00:00,0.0,0.0,139.0,3.233333333
1246,2022-11-26 23:00:00+00:00,0.0,0.0,25.33333333,4.066666667
1247,2022-11-26 23:30:00+00:00,0.0,0.0,52.0,7.9
1248,2022-11-27 00:00:00+00:00,0.0,0.0,31.33333333,3.7
1249,2022-11-27 00:30:00+00:00,0.0,0.0,51.33333333,11.13333333
1250,2022-11-27 01:00:00+00:00,0.0,0.0,50.33333333,10.33333333
1251,2022-11-27 01:30:00+00:00,0.0,0.0,58.0,7.666666667
1252,2022-11-27 02:00:00+00:00,0.0,0.0,79.33333333,3.933333333
1253,2022-11-27 02:30:00+00:00,0.0,0.0,99.66666667,2.166666667
1254,2022-11-27 03:00:00+00:00,0.0,0.0,240.0,1.9
1255,2022-11-27 03:30:00+00:00,0.0,0.0,241.6666667,1.666666667
1256,2022-11-27 04:00:00+00:00,0.0,0.0,51.66666667,3.866666667
1257,2022-11-27 04:30:00+00:00,0.0,0.0,53.0,3.1
1258,2022-11-27 05:00:00+00:00,0.0,0.0,164.6666667,1.1
1259,2022-11-27 05:30:00+00:00,0.0,0.0,289.0,3.033333333
1260,2022-11-27 06:00:00+00:00,0.0,0.0,226.3333333,3.233333333
1261,2022-11-27 06:30:00+00:00,0.0,0.0,91.33333333,2.033333333
1262,2022-11-27 07:00:00+00:00,0.0,0.0,162.3333333,1.066666667
1263,2022-11-27 07:30:00+00:00,0.0,0.0,147.6666667,1.3
1264,2022-11-27 08:00:00+00:00,0.0,0.0,159.0,3.633333333
1265,2022-11-27 08:30:00+00:00,0.0,0.0,186.6666667,4.333333333
1266,2022-11-27 09:00:00+00:00,0.0,0.0,216.3333333,3.733333333
1267,2022-11-27 09:30:00+00:00,0.0,0.0,205.6666667,2.766666667
1268,2022-11-27 10:00:00+00:00,0.0,9.0,194.6666667,5.633333333
1269,2022-11-27 10:30:00+00:00,0.0,14.0,189.3333333,5.3
1270,2022-11-27 11:00:00+00:00,0.0,0.0,201.3333333,3.5
1271,2022-11-27 11:30:00+00:00,0.0,0.0,217.6666667,5.066666667
1272,2022-11-27 12:00:00+00:00,0.0,0.0,188.6666667,3.733333333
1273,2022-11-27 12:30:00+00:00,0.0,16.0,185.0,3.333333333
1274,2022-11-27 13:00:00+00:00,0.0,24.0,210.6666667,4.566666667
1275,2022-11-27 13:30:00+00:00,0.0,8.0,210.0,2.4
1276,2022-11-27 14:00:00+00:00,0.0,0.0,74.66666667,3.733333333
1277,2022-11-27 14:30:00+00:00,0.0,0.0,58.66666667,3.466666667
1278,2022-11-27 15:00:00+00:00,0.0,0.0,49.33333333,4.466666667
1279,2022-11-27 15:30:00+00:00,0.0,0.0,81.0,1.433333333
1280,2022-11-27 16:00:00+00:00,0.0,0.0,42.0,2.766666667
1281,2022-11-27 16:30:00+00:00,0.0,0.0,45.66666667,4.9
1282,2022-11-27 17:00:00+00:00,0.0,0.0,44.0,5.133333333
1283,2022-11-27 17:30:00+00:00,0.0,0.0,51.33333333,8.133333333
1284,2022-11-27 18:00:00+00:00,0.0,0.0,46.66666667,6.133333333
1285,2022-11-27 18:30:00+00:00,0.0,0.0,50.0,5.766666667
1286,2022-11-27 19:00:00+00:00,0.0,0.0,55.0,7.8
1287,2022-11-27 19:30:00+00:00,0.0,0.0,47.33333333,6.266666667
1288,2022-11-27 20:00:00+00:00,0.0,0.0,51.66666667,4.433333333
1289,2022-11-27 20:30:00+00:00,0.0,0.0,36.66666667,1.8
1290,2022-11-27 21:00:00+00:00,0.0,0.0,56.66666667,2.633333333
1291,2022-11-27 21:30:00+00:00,0.0,0.0,127.6666667,1.933333333
1292,2022-11-27 22:00:00+00:00,0.0,0.0,129.6666667,1.8
1293,2022-11-27 22:30:00+00:00,0.0,0.0,148.0,1.433333333
1294,2022-11-27 23:00:00+00:00,0.0,0.0,104.0,1.933333333
1295,2022-11-27 23:30:00+00:00,0.0,0.0,111.0,0.7
1296,2022-11-28 00:00:00+00:00,0.0,0.0,233.0,0.733333333
1297,2022-11-28 00:30:00+00:00,0.0,0.0,197.3333333,2.266666667
1298,2022-11-28 01:00:00+00:00,0.0,0.0,60.33333333,0.966666667
1299,2022-11-28 01:30:00+00:00,0.0,0.0,218.6666667,1.566666667
1300,2022-11-28 02:00:00+00:00,0.0,0.0,193.6666667,1.333333333
1301,2022-11-28 02:30:00+00:00,0.0,0.0,180.6666667,1.333333333
1302,2022-11-28 03:00:00+00:00,0.0,0.0,217.6666667,1.8
1303,2022-11-28 03:30:00+00:00,0.0,0.0,192.3333333,6.5
1304,2022-11-28 04:00:00+00:00,0.0,0.0,187.3333333,7.933333333
1305,2022-11-28 04:30:00+00:00,0.0,0.0,199.3333333,6.0
1306,2022-11-28 05:00:00+00:00,0.0,0.0,241.3333333,5.266666667
1307,2022-11-28 05:30:00+00:00,0.0,0.0,255.6666667,3.366666667
1308,2022-11-28 06:00:00+00:00,0.0,0.0,237.6666667,2.533333333
1309,2022-11-28 06:30:00+00:00,0.0,0.0,185.0,1.8
1310,2022-11-28 07:00:00+00:00,0.0,0.0,147.6666667,1.333333333
1311,2022-11-28 07:30:00+00:00,0.0,0.0,155.3333333,1.766666667
1312,2022-11-28 08:00:00+00:00,0.0,0.0,179.6666667,1.166666667
1313,2022-11-28 08:30:00+00:00,0.0,0.0,205.6666667,2.766666667
1314,2022-11-28 09:00:00+00:00,0.0,0.0,176.3333333,2.633333333
1315,2022-11-28 09:30:00+00:00,0.0,0.0,201.3333333,2.066666667
1316,2022-11-28 10:00:00+00:00,0.0,0.0,229.0,2.266666667
1317,2022-11-28 10:30:00+00:00,0.0,0.0,211.0,2.666666667
1318,2022-11-28 11:00:00+00:00,0.0,0.0,243.3333333,1.666666667
1319,2022-11-28 11:30:00+00:00,0.0,0.0,222.0,1.666666667
1320,2022-11-28 12:00:00+00:00,0.0,0.0,204.6666667,2.766666667
1321,2022-11-28 12:30:00+00:00,0.0,0.0,228.0,7.066666667
1322,2022-11-28 13:00:00+00:00,0.0,0.0,256.6666667,9.7
1323,2022-11-28 13:30:00+00:00,0.0,0.0,279.0,7.2
1324,2022-11-28 14:00:00+00:00,0.0,0.0,278.0,6.133333333
1325,2022-11-28 14:30:00+00:00,0.0,0.0,277.6666667,4.933333333
1326,2022-11-28 15:00:00+00:00,0.0,0.0,286.0,2.766666667
1327,2022-11-28 15:30:00+00:00,0.0,0.0,304.6666667,2.266666667
1328,2022-11-28 16:00:00+00:00,0.0,0.0,150.0,2.4
1329,2022-11-28 16:30:00+00:00,0.0,0.0,195.3333333,2.733333333
1330,2022-11-28 17:00:00+00:00,0.0,0.0,265.0,5.166666667
1331,2022-11-28 17:30:00+00:00,0.0,0.0,322.3333333,5.066666667
1332,2022-11-28 18:00:00+00:00,0.0,0.0,328.0,5.033333333
1333,2022-11-28 18:30:00+00:00,0.0,0.0,224.0,2.9
1334,2022-11-28 19:00:00+00:00,0.0,0.0,228.0,4.8
1335,2022-11-28 19:30:00+00:00,0.0,0.0,247.0,8.9
1336,2022-11-28 20:00:00+00:00,0.1,0.0,227.0,9.133333333
1337,2022-11-28 20:30:00+00:00,0.0,0.0,190.0,7.933333333
1338,2022-11-28 21:00:00+00:00,0.0,0.0,209.3333333,6.733333333
1339,2022-11-28 21:30:00+00:00,0.0,0.0,220.6666667,6.466666667
1340,2022-11-28 22:00:00+00:00,0.0,0.0,224.6666667,6.833333333
1341,2022-11-28 22:30:00+00:00,0.0,0.0,220.0,4.9
1342,2022-11-28 23:00:00+00:00,0.0,0.0,224.6666667,6.133333333
1343,2022-11-28 23:30:00+00:00,0.0,0.0,243.6666667,5.533333333
1344,2022-11-29 00:00:00+00:00,0.0,0.0,284.0,4.8
1345,2022-11-29 00:30:00+00:00,0.0,0.0,266.3333333,4.433333333
1346,2022-11-29 01:00:00+00:00,0.0,0.0,235.3333333,4.9
1347,2022-11-29 01:30:00+00:00,0.0,0.0,217.3333333,5.533333333
1348,2022-11-29 02:00:00+00:00,0.0,0.0,214.6666667,3.6
1349,2022-11-29 02:30:00+00:00,0.0,0.0,198.3333333,4.9
1350,2022-11-29 03:00:00+00:00,0.0,0.0,197.0,4.2
1351,2022-11-29 03:30:00+00:00,0.0,0.0,195.6666667,3.133333333
1352,2022-11-29 04:00:00+00:00,0.0,0.0,199.0,1.533333333
1353,2022-11-29 04:30:00+00:00,0.1,0.0,282.6666667,5.033333333
1354,2022-11-29 05:00:00+00:00,0.0,0.0,276.3333333,3.7
1355,2022-11-29 05:30:00+00:00,0.0,0.0,264.6666667,4.3
1356,2022-11-29 06:00:00+00:00,0.0,0.0,274.3333333,4.7
1357,2022-11-29 06:30:00+00:00,0.0,0.0,268.3333333,3.5
1358,2022-11-29 07:00:00+00:00,0.0,0.0,276.6666667,3.466666667
1359,2022-11-29 07:30:00+00:00,0.0,0.0,268.3333333,3.366666667
1360,2022-11-29 08:00:00+00:00,0.0,0.0,276.6666667,3.7
1361,2022-11-29 08:30:00+00:00,0.0,0.0,296.3333333,2.4
1362,2022-11-29 09:00:00+00:00,0.0,0.0,324.6666667,2.9
1363,2022-11-29 09:30:00+00:00,0.0,0.0,289.0,3.233333333
1364,2022-11-29 10:00:00+00:00,0.0,0.0,286.6666667,3.966666667
1365,2022-11-29 10:30:00+00:00,0.0,0.0,302.0,3.933333333
1366,2022-11-29 11:00:00+00:00,0.0,0.0,304.0,3.7
1367,2022-11-29 11:30:00+00:00,0.0,0.0,335.3333333,2.733333333
1368,2022-11-29 12:00:00+00:00,0.0,0.0,328.6666667,4.2
1369,2022-11-29 12:30:00+00:00,0.0,0.0,22.66666667,3.1
1370,2022-11-29 13:00:00+00:00,0.0,0.0,240.6666667,2.866666667
1371,2022-11-29 13:30:00+00:00,0.0,0.0,7.0,3.1
1372,2022-11-29 14:00:00+00:00,0.1,0.0,116.3333333,2.266666667
1373,2022-11-29 14:30:00+00:00,0.0,0.0,186.6666667,1.566666667
1374,2022-11-29 15:00:00+00:00,0.2,0.0,187.0,1.3
1375,2022-11-29 15:30:00+00:00,0.1,0.0,351.0,2.4
1376,2022-11-29 16:00:00+00:00,0.2,0.0,240.6666667,2.4
1377,2022-11-29 16:30:00+00:00,0.2,0.0,240.3333333,1.533333333
1378,2022-11-29 17:00:00+00:00,0.2,0.0,23.66666667,2.766666667
1379,2022-11-29 17:30:00+00:00,0.2,0.0,13.33333333,2.166666667
1380,2022-11-29 18:00:00+00:00,0.1,0.0,121.0,2.766666667
1381,2022-11-29 18:30:00+00:00,0.1,0.0,355.6666667,2.3
1382,2022-11-29 19:00:00+00:00,0.2,0.0,341.0,0.966666667
1383,2022-11-29 19:30:00+00:00,0.2,0.0,29.66666667,0.266666667
1384,2022-11-29 20:00:00+00:00,0.3,0.0,152.0,0.5
1385,2022-11-29 20:30:00+00:00,0.2,0.0,347.6666667,0.7
1386,2022-11-29 21:00:00+00:00,0.2,0.0,233.0,0.366666667
1387,2022-11-29 21:30:00+00:00,0.3,0.0,225.3333333,0.366666667
1388,2022-11-29 22:00:00+00:00,0.2,0.0,28.0,0.966666667
1389,2022-11-29 22:30:00+00:00,0.2,0.0,43.0,4.433333333
1390,2022-11-29 23:00:00+00:00,0.2,0.0,27.0,7.566666667
1391,2022-11-29 23:30:00+00:00,0.2,0.0,27.0,8.033333333
1392,2022-11-30 00:00:00+00:00,0.1,0.0,32.0,6.7
1393,2022-11-30 00:30:00+00:00,0.1,0.0,31.66666667,7.333333333
1394,2022-11-30 01:00:00+00:00,0.2,0.0,37.33333333,6.133333333
1395,2022-11-30 01:30:00+00:00,0.1,0.0,35.66666667,6.0
1396,2022-11-30 02:00:00+00:00,0.3,0.0,36.33333333,4.333333333
1397,2022-11-30 02:30:00+00:00,0.1,0.0,20.0,2.2
1398,2022-11-30 03:00:00+00:00,0.0,0.0,121.0,1.9
1399,2022-11-30 03:30:00+00:00,0.1,0.0,128.3333333,2.4
1400,2022-11-30 04:00:00+00:00,0.0,0.0,10.33333333,3.6
1401,2022-11-30 04:30:00+00:00,0.1,0.0,24.0,4.433333333
1402,2022-11-30 05:00:00+00:00,0.1,0.0,20.0,3.966666667
1403,2022-11-30 05:30:00+00:00,0.0,0.0,21.66666667,5.133333333
1404,2022-11-30 06:00:00+00:00,0.0,0.0,25.66666667,5.9
1405,2022-11-30 06:30:00+00:00,0.0,0.0,21.66666667,6.833333333
1406,2022-11-30 07:00:00+00:00,0.0,0.0,20.66666667,7.066666667
1407,2022-11-30 07:30:00+00:00,0.1,0.0,30.66666667,7.7
1408,2022-11-30 08:00:00+00:00,0.0,0.0,44.66666667,9.966666667
1409,2022-11-30 08:30:00+00:00,0.0,0.0,48.33333333,10.06666667
1410,2022-11-30 09:00:00+00:00,0.0,0.0,41.33333333,7.833333333
1411,2022-11-30 09:30:00+00:00,0.0,0.0,48.0,10.7
1412,2022-11-30 10:00:00+00:00,0.0,0.0,43.33333333,10.66666667
1413,2022-11-30 10:30:00+00:00,0.0,0.0,48.0,12.73333333
1414,2022-11-30 11:00:00+00:00,0.0,1.0,49.33333333,12.0
1415,2022-11-30 11:30:00+00:00,0.0,0.0,43.66666667,9.833333333
1416,2022-11-30 12:00:00+00:00,0.0,0.0,45.33333333,9.5
1417,2022-11-30 12:30:00+00:00,0.0,0.0,52.66666667,14.16666667
1418,2022-11-30 13:00:00+00:00,0.0,0.0,48.66666667,12.36666667
1419,2022-11-30 13:30:00+00:00,0.0,0.0,47.33333333,10.9
1420,2022-11-30 14:00:00+00:00,0.0,0.0,45.0,10.3
1421,2022-11-30 14:30:00+00:00,0.0,0.0,51.0,9.733333333
1422,2022-11-30 15:00:00+00:00,0.0,0.0,59.33333333,6.933333333
1423,2022-11-30 15:30:00+00:00,0.0,0.0,61.66666667,8.866666667
1424,2022-11-30 16:00:00+00:00,0.0,0.0,60.0,7.666666667
1425,2022-11-30 16:30:00+00:00,0.0,0.0,59.66666667,10.7
1426,2022-11-30 17:00:00+00:00,0.0,0.0,60.33333333,13.43333333
1427,2022-11-30 17:30:00+00:00,0.0,0.0,44.0,13.06666667
1428,2022-11-30 18:00:00+00:00,0.0,0.0,48.66666667,14.3
1429,2022-11-30 18:30:00+00:00,0.0,0.0,54.33333333,12.73333333
1430,2022-11-30 19:00:00+00:00,0.0,0.0,43.33333333,8.533333333
1431,2022-11-30 19:30:00+00:00,0.0,0.0,48.0,8.033333333
1432,2022-11-30 20:00:00+00:00,0.0,0.0,44.33333333,5.3
1433,2022-11-30 20:30:00+00:00,0.0,0.0,54.0,6.0
1434,2022-11-30 21:00:00+00:00,0.0,0.0,50.0,7.8
1435,2022-11-30 21:30:00+00:00,0.0,0.0,48.66666667,8.633333333
1436,2022-11-30 22:00:00+00:00,0.0,0.0,48.33333333,11.16666667
1437,2022-11-30 22:30:00+00:00,0.0,0.0,52.0,9.5
1438,2022-11-30 23:00:00+00:00,0.0,0.0,52.33333333,10.56666667
1439,2022-11-30 23:30:00+00:00,0.0,0.0,47.0,12.96666667
